x,linear,linear_derivative,sigmoid,sigmoid_derivative,tanh,tanh_derivative,relu,relu_derivative,leaky_relu,leaky_relu_derivative,elu,elu_derivative,gelu,gelu_derivative_numeric
-5.0,-5.0,1.0,0.0066928509242848554,0.006648056670790155,-0.9999092042625951,0.0001815832309438603,0.0,0.0,-0.05,0.01,-0.9932620530009145,0.006737946999085467,-2.2917961972623857e-07,-1.6770584062020012e-06
-4.975,-4.975,1.0,0.006861118770482804,0.006814043819700132,-0.9999045492877631,0.000190892313635449,0.0,0.0,-0.049749999999999996,0.01,-0.9930914810605455,0.006908518939454532,-2.711060798812892e-07,-1.8217656359564967e-06
-4.95,-4.95,1.0,0.007033587154995161,0.006984115806728248,-0.9998996556706324,0.0002006785897507024,0.0,0.0,-0.0495,0.01,-0.9929165910709479,0.0070834089290521185,-3.2026790152406284e-07,-2.13456228073672e-06
-4.925,-4.925,1.0,0.007210359413019046,0.007158370130154134,-0.9998945111782082,0.00021096651569219027,0.0,0.0,-0.04925,0.01,-0.992737273720185,0.0072627262798148915,-3.778341939181251e-07,-2.4976256956521664e-06
-4.9,-4.9,1.0,0.007391541344281971,0.007336906460837741,-0.9998891029505543,0.00022178180073573195,0.0,0.0,-0.049,0.01,-0.9925534169290756,0.007446583070924338,-4.4514918630667034e-07,-2.918440179799921e-06
-4.875,-4.875,1.0,0.007577241267860811,0.007519826682629438,-0.9998834174686777,0.0002331514711579885,0.0,0.0,-0.04875,0.01,-0.99236490578114,0.007635094218859962,-5.237562029081211e-07,-3.4055077797189923e-06
-4.85,-4.85,1.0,0.007767570078015005,0.007707234933098131,-0.9998774405207668,0.00024510393764054506,0.0,0.0,-0.048499999999999995,0.01,-0.9921716224507742,0.007828377549225773,-6.154245752926223e-07,-3.968471943005561e-06
-4.825,-4.825,1.0,0.007962641301041708,0.007899237644552652,-0.9998711571667038,0.0002576690661166836,0.0,0.0,-0.04825,0.01,-0.9919734461296048,0.008026553870395154,-7.221798000583979e-07,-4.618254046018238e-06
-4.8,-4.8,1.0,0.008162571153159897,0.008095943585329498,-0.9998645517007604,0.0002708782522374831,0.0,0.0,-0.048,0.01,-0.99177025295098,0.00822974704902003,-8.463372775935341e-07,-5.367204031214747e-06
-4.775,-4.775,1.0,0.008367478599429592,0.00829746390131768,-0.9998576076123841,0.0002847644996397669,0.0,0.0,-0.04775000000000001,0.01,-0.9915619159125485,0.00843808408745153,-9.905400016191335e-07,-6.2292660638063636e-06
-4.75,-4.75,1.0,0.008577485413711984,0.008503912157689543,-0.9998503075449787,0.00029936250221151983,0.0,0.0,-0.0475,0.01,-0.9913483047968794,0.008651695203120634,-1.157800580783852e-06,-7.220160509024859e-06
-4.725,-4.725,1.0,0.008792716239674923,0.00871540438080348,-0.9998426332525774,0.00031470873055206017,0.0,0.0,-0.04725,0.01,-0.9911292860900718,0.008870713909928258,-1.3515480270703816e-06,-8.357583497320463e-06
-4.7,-4.7,1.0,0.009013298652847822,0.008932059100242393,-0.9998345655542966,0.00033084152285089985,0.0,0.0,-0.047,0.01,-0.9909047228983042,0.009095277101695816,-1.5756797556498726e-06,-9.661425210139032e-06
-4.675,-4.675,1.0,0.00923936322372884,0.009153997390948847,-0.9998260842864641,0.00034780118039634544,0.0,0.0,-0.04675,0.01,-0.9906744748622717,0.009325525137728326,-1.8346192875773325e-06,-1.1154008420333273e-05
-4.65,-4.65,1.0,0.009471043581946108,0.009381342915414986,-0.9998171682522956,0.00036563006796086484,0.0,0.0,-0.04650000000000001,0.01,-0.9904383980694565,0.009561601930543505,-2.133380176666533e-06,-1.2860348404281088e-05
-4.625,-4.625,1.0,0.009708476481474066,0.00961422196588273,-0.999807795169001,0.00038437271930102934,0.0,0.0,-0.04625,0.01,-0.9901963449641782,0.009803655035821828,-2.4776367077913863e-06,-1.4808435825907967e-05
-4.6,-4.6,1.0,0.009951801866904324,0.009852763506506204,-0.9997979416121844,0.0004040759480391509,0.0,0.0,-0.046,0.01,-0.9899481642553665,0.010051835744633586,-2.873801967961942e-06,-1.7029543945723637e-05
-4.575,-4.575,1.0,0.010201162940769636,0.010097099215425504,-0.9997875829574034,0.000424788964193179,0.0,0.0,-0.045750000000000006,0.01,-0.9896937008219993,0.01030629917800074,-3.329113905077563e-06,-1.9558561516752635e-05
-4.55,-4.55,1.0,0.010456706231918071,0.010347363526697437,-0.9997766933187409,0.0004465634966444032,0.0,0.0,-0.0455,0.01,-0.9894327956161474,0.010567204383852655,-3.8517300437995726e-06,-2.2434352999395484e-05
-4.525,-4.525,1.0,0.010718581664932983,0.010603693672025145,-0.9997652454842377,0.00046945392184183365,0.0,0.0,-0.045250000000000005,0.01,-0.9891652855635639,0.010834714436436152,-4.4508315550473305e-06,-2.57001473625285e-05
-4.5,-4.5,1.0,0.01098694263059318,0.010866229722225234,-0.9997532108480275,0.000493517399059451,0.0,0.0,-0.045,0.01,-0.9888910034617577,0.011108996538242306,-5.136737411925996e-06,-2.9403957073570016e-05
-4.475,-4.475,1.0,0.011261946057365696,0.01113511462836668,-0.9997405593390031,0.0005188140125372831,0.0,0.0,-0.04475,0.01,-0.9886097778754867,0.011390222124513377,-5.921029408725853e-06,-3.359902861960216e-05
-4.45,-4.45,1.0,0.011543752483922289,0.011410494262512227,-0.999727259345841,0.0005454069208536971,0.0,0.0,-0.044500000000000005,0.01,-0.9883214330296045,0.011678566970395442,-6.8166888429060934e-06,-3.834432592703113e-05
-4.425,-4.425,1.0,0.011832526132668766,0.011692517457988476,-0.9997132776381975,0.0005733625138922838,0.0,0.0,-0.04425,0.01,-0.9880257886991963,0.011974211300803622,-7.838245705077407e-06,-4.370504814849049e-05
-4.4,-4.4,1.0,0.012128434984274237,0.011981336049106471,-0.9996985792838805,0.0006027505777909115,0.0,0.0,-0.044000000000000004,0.01,-0.9877226600969315,0.012277339903068436,-9.001941250330604e-06,-4.975318295311065e-05
-4.375,-4.375,1.0,0.01243165085318582,0.012277104910250303,-0.9996831275617949,0.0006336444682680797,0.0,0.0,-0.043750000000000004,0.01,-0.987411857757566,0.012588142242433998,-1.0325904852732937e-05,-5.6568096581720816e-05
-4.35,-4.35,1.0,0.012742349464111609,0.012579981994246064,-0.9996668838704453,0.0006661212927535631,0.0,0.0,-0.0435,0.01,-0.9870931874195201,0.012906812580479873,-1.1830346079416686e-05,-6.423716176687282e-05
-4.325,-4.325,1.0,0.013060710529452992,0.012890128369918827,-0.9996498076317704,0.0007002621017645483,0.0,0.0,-0.043250000000000004,0.01,-0.9867664499034591,0.013233550096540928,-1.353776294107656e-05,-7.285642445031837e-05
-4.3,-4.3,1.0,0.013386917827664779,0.01320770825874013,-0.9996318561900731,0.0007361520899890062,0.0,0.0,-0.043,0.01,-0.9864314409877991,0.013568559012200934,-1.5473167301932598e-05,-8.253131018570769e-05
-4.275,-4.275,1.0,0.013721159282518911,0.013532889070462656,-0.9996129847057974,0.0007738808075672399,0.0,0.0,-0.04275,0.01,-0.9860879512810624,0.01391204871893762,-1.7664328450361922e-05,-9.337737085901593e-05
-4.25,-4.25,1.0,0.014063627043245475,0.01386584143763397,-0.9995931460438896,0.000813542382079202,0.0,0.0,-0.0425,0.01,-0.9857357660910008,0.014264233908999256,-2.0142035844883388e-05,-0.00010552107217126465
-4.225,-4.225,1.0,0.014414517565521149,0.014206739248874431,-0.9995722906564709,0.000855235751775596,0.0,0.0,-0.042249999999999996,0.01,-0.9853746652904057,0.014625334709594222,-2.294038205892523e-05,-0.00011910062224918043
-4.2,-4.2,1.0,0.014774031693273055,0.014555759680799219,-0.9995503664595334,0.0008990649106124238,0.0,0.0,-0.042,0.01,-0.9850044231795223,0.014995576820477703,-2.6097066957342375e-05,-0.00013426684137438105
-4.175,-4.175,1.0,0.01514237474126237,0.014913083228457549,-0.9995273187033555,0.0009451391656807306,0.0,0.0,-0.04175,0.01,-0.9846248083449786,0.015375191655021433,-2.9653724127644276e-05,-0.0001511840726041723
-4.15,-4.15,1.0,0.015519756578408886,0.01527889373415582,-0.9995030898363213,0.0009935734076466085,0.0,0.0,-0.0415,0.01,-0.9842355835151455,0.015764416484854486,-3.3656270587550946e-05,-0.00017003113279082127
-4.125,-4.125,1.0,0.015906391711814714,0.015653378414525024,-0.9994776193618086,0.001044488394851717,0.0,0.0,-0.04125,0.01,-0.9838365054118341,0.016163494588165874,-3.815528076718533e-05,-0.0001910023032110046
-4.1,-4.1,1.0,0.016302499371440946,0.016036727885685113,-0.9994508436877974,0.001098011051750114,0.0,0.0,-0.040999999999999995,0.01,-0.9834273245982388,0.016572675401761255,-4.3206385748101314e-05,-0.00021430835865610261
-4.075,-4.075,1.0,0.016708303595388257,0.016429136186352594,-0.9994226959688306,0.0011542747823943822,0.0,0.0,-0.04075,0.01,-0.9830077853230309,0.016992214676969066,-4.887069869999039e-05,-0.00024017763344996767
-4.05,-4.05,1.0,0.017124033315727736,0.016830800798729582,-0.9993931059399421,0.001213419799715565,0.0,0.0,-0.0405,0.01,-0.9825776253605065,0.017422374639493515,-5.5215267420599674e-05,-0.0002688571225571161
-4.025,-4.025,1.0,0.01754992244482437,0.01724192266700502,-0.9993619997421463,0.001275593471378289,0.0,0.0,-0.04025,0.01,-0.982136575846686,0.017863424153314034,-6.231355482784613e-05,-0.0003006136154378729
-4.0,-4.0,1.0,0.01798620996209156,0.017662706213291118,-0.999329299739067,0.0013409506830258655,0.0,0.0,-0.04,0.01,-0.9816843611112658,0.01831563888873418,-7.02459481924933e-05,-0.00033573485991827447
-3.9749999999999996,-3.9749999999999996,1.0,0.018433140001109842,0.018093359350809326,-0.9992949243242575,0.0014096542197764572,0.0,0.0,-0.03975,0.01,-0.9812206985053156,0.01877930149468441,-7.910029782376009e-05,-0.0003745307529551289
-3.95,-3.95,1.0,0.01889096193703905,0.01853409349413239,-0.9992587877187472,0.001481875166859714,0.0,0.0,-0.0395,0.01,-0.9807452982246131,0.01925470177538692,-8.897248584024964e-05,-0.0004173345545373803
-3.925,-3.925,1.0,0.0193599304742476,0.0189851235662799,-0.9992207997583223,0.0015577933303386748,0.0,0.0,-0.03925,0.01,-0.9802578631285073,0.01974213687149278,-9.996702555062908e-05,-0.00046450412059917184
-3.9,-3.9,1.0,0.01984030573407751,0.01944666800245584,-0.9991808656700278,0.0016375976788938207,0.0,0.0,-0.039,0.01,-0.9797580885541957,0.02024191144580439,-0.00011219769187020834,-0.0005164231503211902
-3.875,-3.875,1.0,0.020332353342658753,0.019918948750208026,-0.9991388858373508,0.0017214868076973477,0.0,0.0,-0.03875,0.01,-0.9792456621263003,0.020754337873699742,-0.00012578818306668849,-0.0005735024424899887
-3.8499999999999996,-3.8499999999999996,1.0,0.02083634451868043,0.020402191265779288,-0.9990947555535189,0.0018096694254543522,0.0,0.0,-0.0385,0.01,-0.9787202635616228,0.021279736438377175,-0.00014087281399470796,-0.0006361811552469151
-3.825,-3.825,1.0,0.021352556161020567,0.020896624506411027,-0.9990483647623233,0.0019023648657278125,0.0,0.0,-0.03825,0.01,-0.9781815644689572,0.021818435531042762,-0.00015759724082903409,-0.0007049280629349854
-3.8,-3.8,1.0,0.021881270936130476,0.02140248091835013,-0.9989995977858408,0.0019998036237283134,0.0,0.0,-0.038,0.01,-0.9776292281438344,0.0223707718561656,-0.00017611921714145716,-0.0007802428030612668
-3.775,-3.775,1.0,0.022422777365062697,0.02191999642029953,-0.9989483330384067,0.002102227919788535,0.0,0.0,-0.03775,0.01,-0.977062909358071,0.02293709064192893,-0.0001966093809820976,-0.000862657106005308
-3.75,-3.75,1.0,0.022977369910025615,0.022449410382043462,-0.9988944427261528,0.0022098922908087015,0.0,0.0,-0.0375,0.01,-0.9764822541439909,0.023517745856009107,-0.0002192520724417224,-0.0009527359994691781
-3.7249999999999996,-3.7249999999999996,1.0,0.023545349060340427,0.022990965597967154,-0.9988377925313967,0.002323064211006476,0.0,0.0,-0.03725,0.01,-0.9758868995731831,0.024113100426816875,-0.0002442461809555568,-0.0010510789790080305
-3.7,-3.7,1.0,0.024127021417669196,0.02354490825518053,-0.9987782412811311,0.00244202474337063,0.0,0.0,-0.037000000000000005,0.01,-0.9752764735296606,0.024723526470339388,-0.0002718060213921236,-0.001158321135542431
-3.675,-3.675,1.0,0.02472269978037562,0.024111487895945034,-0.998715640598828,0.0025670692232726555,0.0,0.0,-0.03675,0.01,-0.9746505944772751,0.025349405522724945,-0.00030216223773267824,-0.0012751342301291421
-3.65,-3.65,1.0,0.02533270322687173,0.024690957374090973,-0.9986498345387343,0.002698507975758546,0.0,0.0,-0.0365,0.01,-0.9740088712212447,0.025991128778755347,-0.00033556273289858104,-0.001402227705746638
-3.625,-3.625,1.0,0.025957357197796852,0.025283572805102836,-0.9985806592017988,0.0028366670681009287,0.0,0.0,-0.03625,0.01,-0.9733509026636445,0.026649097336355485,-0.00037227362302000994,-0.0015403496253006861
-3.5999999999999996,-3.5999999999999996,1.0,0.026596993576865863,0.02588959350953802,-0.9985079423323265,0.002981889099263224,0.0,0.0,-0.036,0.01,-0.9726762775527075,0.02732372244729257,-0.00041258021416361583,-0.0016902875245866453
-3.575,-3.575,1.0,0.027251950770216072,0.02650928194943379,-0.998431502894418,0.003134534027993907,0.0,0.0,-0.035750000000000004,0.01,-0.9719845742257782,0.028015425774221808,-0.0004567879992493418,-0.0018528691684407995
-3.55,-3.55,1.0,0.027922573784073024,0.02714290365734602,-0.9983511506272034,0.0032949800413391017,0.0,0.0,-0.0355,0.01,-0.9712753603457606,0.028724639654239433,-0.0005052236725856556,-0.002028963197904538
-3.525,-3.525,1.0,0.0286092143005461,0.02779072715765153,-0.9982666855778416,0.0034636244654306925,0.0,0.0,-0.03525,0.01,-0.9705481926308928,0.02945180736910729,-0.0005582361591445692,-0.0022194796557617
-3.5,-3.5,1.0,0.02931223075135632,0.02845302387973556,-0.9981778976111987,0.003640884720487403,0.0,0.0,-0.035,0.01,-0.9698026165776815,0.0301973834223185,-0.0006161976553737403,-0.002425370377441378
-3.4749999999999996,-3.4749999999999996,1.0,0.030031988389288174,0.029130068062673833,-0.9980845658950795,0.0038271993220305722,0.0,0.0,-0.034749999999999996,0.01,-0.9690381661768231,0.030961833823176892,-0.0006795046780166389,-0.002647629234015526
-3.45,-3.45,1.0,0.030768859357148008,0.029822136651008052,-0.9979864583598287,0.0040230289304059585,0.0,0.0,-0.0345,0.01,-0.9682543636219321,0.03174563637806794,-0.000748579117074516,-0.0028872922136341846
-3.425,-3.425,1.0,0.031523222754001344,0.030529509181202955,-0.997883331131068,0.00422885745076329,0.0,0.0,-0.034249999999999996,0.01,-0.9674507190108965,0.03254928098910343,-0.0008238692886983479,-0.003145437327585085
-3.4,-3.4,1.0,0.032295464698450516,0.03125246765836165,-0.9977749279342794,0.004445193185743657,0.0,0.0,-0.034,0.01,-0.9666267300396739,0.03337326996032608,-0.0009058509834537709,-0.003423184326941258
-3.375,-3.375,1.0,0.033085978388704126,0.03199129642276633,-0.997660979469889,0.0046725700431817785,0.0,0.0,-0.03375,0.01,-0.965781881688334,0.03421811831166603,-0.0009950285050454102,-0.003721694215686272
-3.3499999999999996,-3.3499999999999996,1.0,0.03389516415917816,0.03274628200580053,-0.9975412027574452,0.0049115488012296815,0.0,0.0,-0.033499999999999995,0.01,-0.964915645899155,0.03508435410084504,-0.0010919356942380857,-0.004042168546061424
-3.325,-3.325,1.0,0.03472342953335755,0.0335177129747995,-0.9974153004474253,0.005162718433372238,0.0,0.0,-0.03325,0.01,-0.9640274812465703,0.035972518753429654,-0.0011971369323484804,-0.004385848481955289
-3.3,-3.3,1.0,0.03557118927263618,0.034305879766366475,-0.9972829600991421,0.005426697495892974,0.0,0.0,-0.033,0.01,-0.96311683259876,0.036883167401240015,-0.0013112281183358498,-0.004754013616279421
-3.275,-3.275,1.0,0.0364388654208402,0.0351110745076821,-0.9971438534231548,0.005704135580421932,0.0,0.0,-0.03275,0.01,-0.962183130770675,0.03781686922932508,-0.0014348376131624527,-0.005147980528232916
-3.25,-3.25,1.0,0.03732688734412946,0.03593359082532813,-0.996997635486526,0.0059957148342763,0.0,0.0,-0.0325,0.01,-0.961225792168278,0.03877420783172201,-0.0015686271447474948,-0.005569101066757967
-3.2249999999999996,-3.2249999999999996,1.0,0.03823569176595816,0.0367737236411368,-0.9968439438791923,0.006302151551377699,0.0,0.0,-0.032249999999999994,0.01,-0.9602442184237787,0.03975578157622132,-0.001713292666500353,-0.006018760346737408
-3.2,-3.2,1.0,0.039165722796764356,0.03763176895457137,-0.9966823978396512,0.006624197836603285,0.0,0.0,-0.032,0.01,-0.9592377960216338,0.04076220397836621,-0.0018695651620843634,-0.006498374444744791
-3.175,-3.175,1.0,0.04011743195804566,0.03850802361113724,-0.9965125973380904,0.0069626433464928805,0.0,0.0,-0.03175,0.01,-0.9582058959150801,0.04179410408491992,-0.0020382113887375914,-0.00700938778178424
-3.15,-3.15,1.0,0.041091278200465015,0.039402785056317,-0.9963341221150144,0.00731831710930364,0.0,0.0,-0.0315,0.01,-0.9571478731329598,0.04285212686704019,-0.0022200345511735773,-0.0075532701808060446
-3.125,-3.125,1.0,0.042087727915618836,0.040316351074519675,-0.996146530673345,0.007692089427458471,0.0,0.0,-0.03125,0.01,-0.9560630663765926,0.04393693362340742,-0.002415874897777892,-0.008131513587523342
-3.0999999999999996,-3.0999999999999996,1.0,0.04310725494108614,0.04124901951253034,-0.9959493592219002,0.008084873865486397,0.0,0.0,-0.030999999999999996,0.01,-0.9549507976064422,0.04504920239355782,-0.002626610230549747,-0.008745628443729184
-3.075,-3.075,1.0,0.04415034055836462,0.042201087986945045,-0.9957421205680715,0.008497629326600031,0.0,0.0,-0.030750000000000003,0.01,-0.9538103716183199,0.0461896283816801,-0.002853156319964349,-0.009397139702944556
-3.05,-3.05,1.0,0.045217473483287494,0.043172853575075686,-0.9955243029574473,0.008931362221088701,0.0,0.0,-0.0305,0.01,-0.952641075608859,0.04735892439114093,-0.003096467215696974,-0.010087582479323488
-3.025,-3.025,1.0,0.046309149848500375,0.04416461248880951,-0.9952953688580437,0.009387128729730687,0.0,0.0,-0.03025,0.01,-0.95144217872999,0.048557821270009974,-0.003357535443930526,-0.010818497321520452
-3.0,-3.0,1.0,0.04742587317756678,0.04517665973091214,-0.9950547536867305,0.009866037165440211,0.0,0.0,-0.03,0.01,-0.950212931632136,0.049787068367863944,-0.0036373920817729943,-0.011591425104236067
-2.975,-2.975,1.0,0.048568154350256104,0.0462092887332658,-0.9948018644753533,0.010369250436360722,0.0,0.0,-0.029750000000000002,0.01,-0.9489525659958457,0.051047434004154395,-0.0039371066991423275,-0.012407901531374804
-2.9499999999999997,-2.9499999999999997,1.0,0.04973651155855673,0.047262790976542284,-0.9945360784739778,0.010897988613601806,0.0,0.0,-0.0295,0.01,-0.9476602940515676,0.05233970594843241,-0.004257787158341738,-0.013269451245885175
-2.925,-2.925,1.0,0.05093147025294354,0.04833745559081707,-0.9942567416885992,0.011453531606770095,0.0,0.0,-0.029249999999999998,0.01,-0.9463353080872698,0.053664691912730135,-0.004600579261436589,-0.014177581542594853
-2.9,-2.9,1.0,0.05215356307841774,0.04943356893664324,-0.9939631673505832,0.01203722195039647,0.0,0.0,-0.028999999999999998,0.01,-0.9449767799435927,0.05502322005640723,-0.004966666235471478,-0.015133775681759914
-2.875,-2.875,1.0,0.05340332979982423,0.05055141416611544,-0.9936546343150297,0.0126504677042647,0.0,0.0,-0.02875,0.01,-0.9435838604962227,0.05641613950377735,-0.0053572680455245825,-0.016139485802481937
-2.85,-2.85,1.0,0.05468131721594076,0.05169127076347042,-0.9933303853851734,0.01329474547054299,0.0,0.0,-0.0285,0.01,-0.9421556791251615,0.057844320874838456,-0.005773640525595572,-0.017196125436652207
-2.8249999999999997,-2.8249999999999997,1.0,0.05598807906182168,0.052853414064788884,-0.9929896255598674,0.013971603530474441,0.0,0.0,-0.028249999999999997,0.01,-0.9406913431705612,0.05930865682943875,-0.006217074317357197,-0.018305061625671776
-2.8,-2.8,1.0,0.057324175898868755,0.05403811475638431,-0.992631520201128,0.0146826651031976,0.0,0.0,-0.027999999999999997,0.01,-0.9391899373747821,0.06081006262521797,-0.0066888936068791646,-0.019467606643939775
-2.775,-2.775,1.0,0.05869017499209118,0.05524563835148889,-0.992255193118658,0.01542963172905476,0.0,0.0,-0.02775,0.01,-0.9376505233103266,0.06234947668967343,-0.007190454649554183,-0.020685009334776544
-2.75,-2.75,1.0,0.060086650174007626,0.05647624464487406,-0.9918597245682078,0.016214286779478893,0.0,0.0,-0.0275,0.01,-0.9360721387932924,0.06392786120670757,-0.007723144073617988,-0.0219584460663301
-2.725,-2.725,1.0,0.061514181694634434,0.05773018714507394,-0.9914441491605901,0.017038499095233584,0.0,0.0,-0.02725,0.01,-0.9344537972819756,0.06554620271802433,-0.008288376952870683,-0.023289011316997732
-2.6999999999999997,-2.6999999999999997,1.0,0.06297335605699651,0.05900771248391525,-0.9910074536781177,0.017904226754413388,0.0,0.0,-0.026999999999999996,0.01,-0.9327944872602503,0.06720551273974978,-0.008887594639467882,-0.02467770790173973
-2.675,-2.675,1.0,0.06446476583758969,0.060309059803094416,-0.9905485747952091,0.018813520971180053,0.0,0.0,-0.02675,0.01,-0.9310931716053374,0.06890682839466258,-0.009522262347957677,-0.026125436852822426
-2.65,-2.65,1.0,0.06598900949121879,0.06163446011758663,-0.990066396699886,0.019768530125703898,0.0,0.0,-0.0265,0.01,-0.9293487869395705,0.0706512130604296,-0.010193866482108998,-0.02763298697066488
-2.625,-2.625,1.0,0.0675466911396291,0.06298413565571666,-0.9895597486128832,0.020771503925207435,0.0,0.0,-0.02625,0.01,-0.9275602429657486,0.07243975703425146,-0.010903911696490916,-0.02920102406267469
-2.5999999999999996,-2.5999999999999996,1.0,0.06913842034334684,0.06435829917577353,-0.9890274022010992,0.021824797695345177,0.0,0.0,-0.025999999999999995,0.01,-0.9257264217856661,0.0742735782143339,-0.01165391768524274,-0.03083007989014236
-2.5749999999999997,-2.5749999999999997,1.0,0.07076481185614081,0.0657571532591058,-0.9884680688821502,0.02293087680039274,0.0,0.0,-0.02575,0.01,-0.9238461772013896,0.07615382279861035,-0.012445415690998041,-0.03252054084573297
-2.55,-2.55,1.0,0.07242648536151773,0.06718088957969559,-0.9878803970168318,0.024092321189866706,0.0,0.0,-0.0255,0.01,-0.9219183339988468,0.07808166600115317,-0.013279944727529384,-0.034272636386453226
-2.525,-2.525,1.0,0.07412406519066317,0.06862968815027348,-0.9872629689863689,0.02531183006822002,0.0,0.0,-0.025249999999999998,0.01,-0.9199416872132795,0.08005831278672054,-0.014159047510320696,-0.03608642724938399
-2.5,-2.5,1.0,0.07585818002124355,0.07010371654510815,-0.9866142981514303,0.026592226683160525,0.0,0.0,-0.025,0.01,-0.9179150013761012,0.0820849986238988,-0.015084266089998577,-0.03796179348012757
-2.4749999999999996,-2.4749999999999996,1.0,0.07762946255648842,0.07160312909967918,-0.9859328256900097,0.0279364632269129,0.0,0.0,-0.024749999999999998,0.01,-0.9158370097426896,0.0841629902573104,-0.016057137184327084,-0.03989842230633506
-2.4499999999999997,-2.4499999999999997,1.0,0.0794385491839784,0.07312806608752304,-0.9852169173114361,0.029347625843350822,0.0,0.0,-0.024499999999999997,0.01,-0.9137064135006294,0.08629358649937054,-0.01707918720531534,-0.041895795891352505
-2.425,-2.425,1.0,0.08128607961357302,0.0746786528746289,-0.98446485984397,0.030828939732392424,0.0,0.0,-0.024249999999999997,0.01,-0.9115218809579126,0.08847811904208731,-0.018151926978894704,-0.04395317900572737
-2.4,-2.4,1.0,0.08317269649392238,0.07625499905185225,-0.9836748576936802,0.032383774341317895,0.0,0.0,-0.024,0.01,-0.9092820467105875,0.09071795328941251,-0.019276846155601702,-0.04606960665688581
-2.375,-2.375,1.0,0.08509904500702024,0.07785719754591339,-0.9828450291725761,0.03401564863075801,0.0,0.0,-0.02375,0.01,-0.9069855107893365,0.09301448921066349,-0.020455407311738984,-0.04824387172008282
-2.3499999999999996,-2.3499999999999996,1.0,0.08706577244027129,0.0794853237096502,-0.9819734026943043,0.03572823640096967,0.0,0.0,-0.023499999999999997,0.01,-0.9046308377844503,0.09536916221554965,-0.021689039741605857,-0.050474512616396905
-2.3249999999999997,-2.3249999999999997,1.0,0.08907352773556326,0.08113943439230512,-0.9810579128361078,0.03752537166165992,0.0,0.0,-0.023249999999999996,0.01,-0.9022165559486499,0.09778344405135009,-0.022979132942558843,-0.05275980108626238
-2.3,-2.3,1.0,0.09112296101485616,0.08281956699074117,-0.9800963962661914,0.03941105402602474,0.0,0.0,-0.023,0.01,-0.8997411562771962,0.10025884372280375,-0.024327029795918966,-0.05509773010974567
-2.275,-2.275,1.0,0.0932147230818236,0.08452573848260254,-0.9790865875361638,0.041389454106789736,0.0,0.0,-0.02275,0.01,-0.8972030915647136,0.1027969084352864,-0.025734019448046118,-0.0574860020273934
-2.25,-2.25,1.0,0.09534946489910949,0.08625794444256298,-0.9780261147388136,0.043464918888900916,0.0,0.0,-0.0225,0.01,-0.8946007754381357,0.10539922456186433,-0.02720132989728863,-0.05992201691824206
-2.2249999999999996,-2.2249999999999996,1.0,0.09752783704079257,0.08801615804293718,-0.9769124950321554,0.04564197705004902,0.0,0.0,-0.022249999999999995,0.01,-0.8919325813651707,0.10806741863482931,-0.028730120293958234,-0.06240286129399797
-2.1999999999999997,-2.1999999999999997,1.0,0.09975048911968518,0.08980032904006874,-0.9757431300314515,0.04792534419642591,0.0,0.0,-0.022,0.01,-0.8891968416376661,0.11080315836233391,-0.030321472961988546,-0.0649252971709765
-2.175,-2.175,1.0,0.10201806918913042,0.09161038274805222,-0.9745153010717769,0.05031992797698415,0.0,0.0,-0.02175,0.01,-0.8863918463292362,0.11360815367076377,-0.03197638515250705,-0.06748575158381143
-2.15,-2.15,1.0,0.10433122311900131,0.09344621900149447,-0.9732261643446705,0.0528308330349605,0.0,0.0,-0.0215,0.01,-0.883515842226503,0.11648415777349697,-0.03369576054117911,-0.07008030660722331
-2.125,-2.125,1.0,0.10669059394565118,0.09530771110917537,-0.971872745913509,0.0554633657505359,0.0,0.0,-0.02125,0.01,-0.8805670317332803,0.11943296826671962,-0.035480400482868206,-0.072704689954174
-2.0999999999999996,-2.0999999999999996,1.0,0.10909682119561298,0.09719470480062543,-0.9704519366134539,0.058223038723196896,0.0,0.0,-0.020999999999999998,0.01,-0.877543571747018,0.12245642825298195,-0.03733099503888783,-0.07535426622084951
-2.0749999999999997,-2.0749999999999997,1.0,0.11155054018289644,0.09910701716780045,-0.9689604868431823,0.06111557493662323,0.0,0.0,-0.020749999999999998,0.01,-0.8744435725068027,0.12555642749319726,-0.0392481137939107,-0.07802402885061532
-2.05,-2.05,1.0,0.11405238127979088,0.10104443560420008,-0.9673950012571181,0.06414691154274055,0.0,0.0,-0.020499999999999997,0.01,-0.8712650964121957,0.12873490358780423,-0.04123219648141858,-0.08070859289062726
-2.025,-2.025,1.0,0.11660296916113938,0.10300671674394575,-0.9657519333685446,0.06732320319491825,0.0,0.0,-0.02025,0.01,-0.8680061568121697,0.13199384318783022,-0.043283543438442054,-0.08340218861612747
-2.0,-2.0,1.0,0.11920292202211755,0.1049935854035065,-0.9640275800758169,0.07065082485316443,0.0,0.0,-0.02,0.01,-0.8646647167633873,0.1353352832366127,-0.04540230591222494,-0.08609865609842315
-1.9749999999999996,-1.9749999999999996,1.0,0.1218528507696181,0.10700473352893528,-0.9622180761259219,0.0741363739765295,0.0,0.0,-0.019749999999999997,0.01,-0.8612386877570447,0.1387613122429553,-0.04758847624336323,-0.08879144079327683
-1.9499999999999997,-1.9499999999999997,1.0,0.12455335818741645,0.10903981915165359,-0.960319388531845,0.07778667200982337,0.0,0.0,-0.019499999999999997,0.01,-0.8577259284134864,0.14227407158651362,-0.049841877951888804,-0.09147359022675161
-1.9249999999999998,-1.9249999999999998,1.0,0.12730503807537172,0.11109846535599988,-0.9583273109626391,0.0816087650631172,0.0,0.0,-0.01925,0.01,-0.8541242431437726,0.14587575685622742,-0.05216215575470079,-0.09413775185557105
-1.9,-1.9,1.0,0.13010847436299786,0.11318025926193098,-0.9562374581277391,0.08560992367340048,0.0,0.0,-0.019,0.01,-0.8504313807773649,0.14956861922263506,-0.05454876554466734,-0.09677617217854406
-1.875,-1.875,1.0,0.13296424019782926,0.11528475102644323,-0.9540452601799488,0.08979764152817371,0.0,0.0,-0.01875,0.01,-0.8466450331550716,0.15335496684492847,-0.05700096436362798,-0.09938069717474085
-1.8499999999999996,-1.8499999999999996,1.0,0.1358728970090943,0.11741145286745035,-0.9517459571646616,0.09417963302072219,0.0,0.0,-0.018499999999999996,0.01,-0.8427628336863724,0.15723716631362766,-0.05951780040340442,-0.10194277414274033
-1.8249999999999997,-1.8249999999999997,1.0,0.1388349935473072,0.11955983811402636,-0.9493345935462565,0.09876382949636398,0.0,0.0,-0.01825,0.01,-0.8387823558702232,0.1612176441297768,-0.06209810307076502,-0.1044534550133176
-1.7999999999999998,-1.7999999999999998,1.0,0.14185106490048782,0.12172934028708542,-0.9468060128462683,0.10355837403815205,0.0,0.0,-0.018,0.01,-0.8347011117784134,0.16529888822158656,-0.06474047315407028,-0.10690340120559072
-1.775,-1.775,1.0,0.14492163148782286,0.12391935221473052,-0.9441548524318539,0.10857161462938414,0.0,0.0,-0.01775,0.01,-0.8305165505005299,0.1694834494994701,-0.06744327313104453,-0.10928289009356695
-1.75,-1.75,1.0,0.14804719803168948,0.12612922518665518,-0.9413755384972874,0.11381209551894222,0.0,0.0,-0.0175,0.01,-0.8262260565495548,0.17377394345044514,-0.07020461765874861,-0.11158182314645715
-1.7249999999999996,-1.7249999999999996,1.0,0.15122825250907423,0.12835826815212592,-0.938462281285704,0.11928854660403221,0.0,0.0,-0.017249999999999998,0.01,-0.8218269482271015,0.1781730517728985,-0.07302236428836742,-0.11378973580190466
-1.6999999999999997,-1.6999999999999997,1.0,0.15446526508353475,0.13060574696620808,-0.935409070603099,0.1250098706334466,0.0,0.0,-0.016999999999999998,0.01,-0.8173164759472653,0.1826835240527347,-0.07589410444884387,-0.11589580912643371
-1.6749999999999998,-1.6749999999999998,1.0,0.15775868701896995,0.1328708836890206,-0.9322096716816437,0.13098512802320206,0.0,0.0,-0.016749999999999998,0.01,-0.8126918205180429,0.18730817948195705,-0.07881715474468909,-0.11788888331188807
-1.65,-1.65,1.0,0.16110894957658525,0.13515285594291457,-0.9288576214547277,0.1372235190654657,0.0,0.0,-0.0165,0.01,-0.8079500913792459,0.19204990862075413,-0.08178854861443825,-0.11975747305044515
-1.625,-1.625,1.0,0.16451646289656316,0.1374507963325669,-0.9253462253117412,0.1437343633013124,0.0,0.0,-0.01625,0.01,-0.8030883247958059,0.19691167520419406,-0.08480502839721132,-0.12148978482400485
-1.5999999999999996,-1.5999999999999996,1.0,0.16798161486607557,0.13976379193306104,-0.9216685544064712,0.15052707581828562,0.0,0.0,-0.015999999999999997,0.01,-0.7981034820053445,0.20189651799465547,-0.08786303785563854,-0.12307373613619621
-1.5749999999999997,-1.5749999999999997,1.0,0.1715047699754009,0.14209088385108573,-0.9178174435990699,0.15761114022526812,0.0,0.0,-0.015749999999999997,0.01,-0.7929924473188473,0.20700755268115267,-0.09095871520402117,-0.12449697670708515
-1.5499999999999998,-1.5499999999999998,1.0,0.17508626816403985,0.14443106686442977,-0.9137854901178277,0.1649960780501214,0.0,0.0,-0.015499999999999998,0.01,-0.7877520261732569,0.2122479738267431,-0.09408788669099277,-0.1257469116418839
-1.525,-1.525,1.0,0.17872642365885047,0.14678328914496755,-0.909565053033425,0.17269141430030266,0.0,0.0,-0.01525,0.01,-0.7823789431347671,0.2176210568652329,-0.09724606078611533,-0.1268107265754863
-1.5,-1.5,1.0,0.18242552380635635,0.14914645207033286,-0.9051482536448665,0.18070663892364836,0.0,0.0,-0.015,0.01,-0.7768698398515702,0.22313016014842982,-0.10042842301976707,-0.1276754147846182
-1.4749999999999996,-1.4749999999999996,1.0,0.1861838279015086,0.15151941012945003,-0.9005269768828864,0.18905116390616938,0.0,0.0,-0.014749999999999997,0.01,-0.7712212729547775,0.2287787270452225,-0.10362983152534629,-0.12832780624884288
-1.4499999999999997,-1.4499999999999997,1.0,0.19000156601531304,0.1539009709270417,-0.8956928738431644,0.1977342757465731,0.0,0.0,-0.014499999999999997,0.01,-0.7654297119062023,0.2345702880937977,-0.10684481333220926,-0.12875459863047345
-1.4249999999999998,-1.4249999999999998,1.0,0.19387893782385993,0.1562898952921518,-0.8906373655681185,0.20676508305388175,0.0,0.0,-0.014249999999999999,0.01,-0.7594915367916578,0.24050846320834218,-0.11006756145686994,-0.12894239013192577
-1.4,-1.4,1.0,0.19781611144141825,0.15868489749561462,-0.8853516482022624,0.21615245902553737,0.0,0.0,-0.013999999999999999,0.01,-0.7534030360583935,0.2465969639416065,-0.11329193283880551,-0.12887771417699945
-1.375,-1.375,1.0,0.20181322226037884,0.1610846455812618,-0.8798266996519848,0.2259049785794961,0.0,0.0,-0.01375,0.01,-0.7471604041952535,0.25283959580474646,-0.1165114471657199,-0.12854707585030045
-1.3499999999999996,-1.3499999999999996,1.0,0.20587037180094736,0.16348776181548705,-0.8740532878860069,0.23603084993566115,0.0,0.0,-0.013499999999999996,0.01,-0.7407597393541083,0.2592402606458916,-0.11971928663132057,-0.12793699001637515
-1.3249999999999997,-1.3249999999999997,1.0,0.2099876265736026,0.16589282325958782,-0.8680219810175623,0.24653784047034666,0.0,0.0,-0.013249999999999998,0.01,-0.7341970409110734,0.26580295908892665,-0.12290829666653871,-0.1270340210274017
-1.2999999999999998,-1.2999999999999998,1.0,0.21416501695744142,0.16829836246906024,-0.8617231593133063,0.25743319670309406,0.0,0.0,-0.012999999999999998,0.01,-0.7274682069659874,0.27253179303401265,-0.12607098768269065,-0.12582482391537697
-1.275,-1.275,1.0,0.21840253609763446,0.17070286832375595,-0.8551470292769645,0.26872355831878236,0.0,0.0,-0.01275,0.01,-0.7205690317785927,0.27943096822140734,-0.12919953786230753,-0.12429618695189593
-1.25,-1.25,1.0,0.22270013882530884,0.173104786992497,-0.8482836399575129,0.28041486618043265,0.0,0.0,-0.0125,0.01,-0.7134952031398099,0.2865047968601901,-0.13228579703028542,-0.1224350754458765
-1.2249999999999996,-1.2249999999999996,1.0,0.22705774060326153,0.17550252303540353,-0.8411229016320432,0.29251226435009225,0.0,0.0,-0.012249999999999997,0.01,-0.706242299676467,0.29375770032353293,-0.13532129163460138,-0.1202286766369931
-1.1999999999999997,-1.1999999999999997,1.0,0.23147521650098238,0.1778944406468057,-0.8336546070121552,0.30501999620740905,0.0,0.0,-0.011999999999999997,0.01,-0.6988057880877978,0.3011942119122022,-0.1382972308621351,-0.11766444553043254
-1.1749999999999998,-1.1749999999999998,1.0,0.235952400202534,0.18027886504119725,-0.8258684551194574,0.3179412948386008,0.0,0.0,-0.011749999999999998,0.01,-0.6911810203119801,0.3088189796880199,-0.141204513911123,-0.11473015150669363
-1.15,-1.15,1.0,0.24048908305088898,0.1826540839842316,-0.8177540779702877,0.33127826796296467,0.0,0.0,-0.0115,0.01,-0.6833632306209467,0.3166367693790533,-0.14403373843746975,-0.11141392552901985
-1.125,-1.125,1.0,0.24508501313237172,0.1850183494702769,-0.809301070201781,0.34503177777025196,0.0,0.0,-0.01125,0.01,-0.6753475326416503,0.32465246735834974,-0.14677521018757397,-0.10770430776038875
-1.0999999999999996,-1.0999999999999996,1.0,0.24973989440488245,0.18736987954752063,-0.8004990217606296,0.35920131616027506,0.0,0.0,-0.010999999999999996,0.01,-0.6671289163019203,0.33287108369807966,-0.1494189538254892,-0.10359029539219122
-1.0749999999999997,-1.0749999999999997,1.0,0.2544533858735974,0.18970686029105954,-0.7913375537619973,0.373784876005978,0.0,0.0,-0.010749999999999997,0.01,-0.6587022446990063,0.34129775530099377,-0.15195472495718357,-0.09906139047787788
-1.0499999999999998,-1.0499999999999998,1.0,0.25922510081784605,0.1920274479238236,-0.781806357608774,0.3887788192025017,0.0,0.0,-0.010499999999999999,0.01,-0.6500622508888445,0.34993774911115544,-0.15437202334938308,-0.09410764755680479
-1.025,-1.025,1.0,0.2640546060728515,0.19432977108456273,-0.7718952374404182,0.4041777424168004,0.0,0.0,-0.010249999999999999,0.01,-0.6412035345940483,0.3587964654059516,-0.1566601073350238,-0.08871972084680468
-1.0,-1.0,1.0,0.2689414213699951,0.19661193324148185,-0.7615941559557649,0.41997434161402614,0.0,0.0,-0.01,0.01,-0.6321205588285577,0.36787944117144233,-0.1588080093917233,-0.08288891077828353
-0.9749999999999996,-0.9749999999999996,1.0,0.27388501873922094,0.1988720152494375,-0.7508932836251669,0.4361592766066146,0.0,0.0,-0.009749999999999997,0.01,-0.6228076464368429,0.37719235356315706,-0.160804552873938,-0.07660720963832857
-0.9500000000000002,-0.9500000000000002,1.0,0.2788848219771369,0.20110807804791753,-0.7397830512740043,0.4527210370477238,0.0,0.0,-0.009500000000000001,0.01,-0.6132589765454989,0.3867410234545011,-0.16263836987363972,-0.06986734609029899
-0.9249999999999998,-0.9249999999999998,1.0,0.2839402061842902,0.20331816549631299,-0.7282542059818113,0.46964581146980144,0.0,0.0,-0.009249999999999998,0.01,-0.6034685809250071,0.39653141907499295,-0.16429792017845293,-0.06266282833279435
-0.8999999999999995,-0.8999999999999995,1.0,0.2890504973749961,0.2055003073422635,-0.7162978701990241,0.48691736114834194,0.0,0.0,-0.008999999999999994,0.01,-0.5934303402594007,0.40656965974059933,-0.16577151129027948,-0.0549879856618416
-0.875,-0.875,1.0,0.29421497216298875,0.2076525223181205,-0.703905603936621,0.5045169007466208,0.0,0.0,-0.00875,0.01,-0.5831379803214916,0.4168620196785084,-0.167047319461545,-0.04683800820155293
-0.8499999999999996,-0.8499999999999996,1.0,0.2994328575260271,0.20977282135982506,-0.6910694698329304,0.5224229878648325,0.0,0.0,-0.008499999999999997,0.01,-0.5725850680512732,0.4274149319487268,-0.1681134117003571,-0.0382089845715301
-0.8250000000000002,-0.8250000000000002,1.0,0.3047033306524346,0.2118592109417477,-0.6777821008468297,0.540611423771658,0.0,0.0,-0.008250000000000002,0.01,-0.5617650075350509,0.4382349924649492,-0.1689577686901215,-0.029097937263897755
-0.7999999999999998,-0.7999999999999998,1.0,0.31002551887238755,0.21390969652029443,-0.6640367702678489,0.5590551677322441,0.0,0.0,-0.007999999999999998,0.01,-0.5506710358827783,0.4493289641172217,-0.16956830856355196,-0.019502855508993555
-0.7749999999999995,-0.7749999999999995,1.0,0.31539849967656935,0.21592228607833847,-0.64982746367192,0.5777242674577194,0.0,0.0,-0.007749999999999995,0.01,-0.539296219001034,0.4607037809989661,-0.16993291146557118,-0.009422725416554645
-0.75,-0.75,1.0,0.320821300824607,0.21789499376181404,-0.6351489523872873,0.5965858082813315,0.0,0.0,-0.0075,0.01,-0.5276334472589853,0.4723665527410147,-0.17003944483437972,0.0011424428115263119
-0.7249999999999996,-0.7249999999999996,1.0,0.32629290054547866,0.21982584359909704,-0.6199968679693738,0.6156038837081669,0.0,0.0,-0.007249999999999997,0.01,-0.5156754310446374,0.48432456895536263,-0.16987578932499486,0.012191590789929485
-0.7000000000000002,-0.7000000000000002,1.0,0.33181222783183384,0.22171287329310904,-0.6043677771171636,0.6347395899824584,0.0,0.0,-0.007000000000000002,0.01,-0.5034146962085906,0.4965853037914094,-0.16942986529488327,0.023722591160889817
-0.6749999999999998,-0.6749999999999998,1.0,0.33737816282991756,0.2235541380754272,-0.5882592563981052,0.6539510472619483,0.0,0.0,-0.006749999999999998,0.01,-0.4908435793924507,0.5091564206075493,-0.16868965976695036,0.035732230274583276
-0.6499999999999995,-0.6499999999999995,1.0,0.34298953732650134,0.2253477146110539,-0.5716699660851169,0.6731934498762413,0.0,0.0,-0.0064999999999999945,0.01,-0.4779542232389836,0.5220457767610164,-0.16764325378115408,0.048216194491017994
-0.625,-0.625,1.0,0.34864513533394575,0.22709170494192044,-0.5545997223493823,0.6924191479699882,0.0,0.0,-0.00625,0.01,-0.4647385714810097,0.5352614285189903,-0.16627885004239948,0.06116906023937707
-0.5999999999999996,-0.5999999999999996,1.0,0.35434369377420466,0.22878424045665735,-0.537049566998035,0.7115777625872232,0.0,0.0,-0.005999999999999997,0.01,-0.4511883639059734,0.5488116360940266,-0.16458480076918522,0.07458428795339955
-0.5750000000000002,-0.5750000000000002,1.0,0.3600839032622658,0.230423485873677,-0.5190218338982222,0.7306163359369262,0.0,0.0,-0.005750000000000002,0.01,-0.4372951311930444,0.5627048688069556,-0.16254963564472952,0.08845421998307712
-0.5499999999999998,-0.5499999999999998,1.0,0.36586440898919936,0.2320076432241832,-0.500520211190235,0.7494795181900825,0.0,0.0,-0.005499999999999998,0.01,-0.42305018961951324,0.5769498103804868,-0.16016208977003135,0.10277008256372389
-0.5249999999999995,-0.5249999999999995,1.0,0.3716838117046339,0.23353495582134812,-0.48154979836430756,0.7681097916952947,0.0,0.0,-0.005249999999999995,0.01,-0.40844463563318456,0.5915553643668154,-0.15741113151654323,0.11752199190350687
-0.5,-0.5,1.0,0.3775406687981454,0.2350037122015945,-0.46211715726000974,0.7864477329659274,0.0,0.0,-0.005,0.01,-0.3934693402873666,0.6065306597126334,-0.15428599017485606,0.13269896442994167
-0.47499999999999964,-0.47499999999999964,1.0,0.3834334954786808,0.23641225002368127,-0.4422303560457259,0.8044323121916706,0.0,0.0,-0.004749999999999996,0.01,-0.37811494353497965,0.6218850564650203,-0.15077618329504616,0.1482889312148168
-0.4500000000000002,-0.4500000000000002,1.0,0.38936076605077796,0.2377589599111293,-0.42189900525000806,0.8220012293690537,0.0,0.0,-0.004500000000000002,0.01,-0.3623718483782268,0.6376281516217732,-0.14687154361411525,0.1642787565755457
-0.4249999999999998,-0.4249999999999998,1.0,0.39532091528599067,0.23904228922343726,-0.40113428494794573,0.8390912854393002,0.0,0.0,-0.004249999999999999,0.01,-0.3462302148701526,0.6537697851298474,-0.1425622454662689,0.18065426082942837
-0.39999999999999947,-0.39999999999999947,1.0,0.40131233988754816,0.24026074574152917,-0.3799489622552244,0.855638786081178,0.0,0.0,-0.003999999999999995,0.01,-0.32967995396436034,0.6703200460356397,-0.1378388305726437,0.1974002471556111
-0.375,-0.375,1.0,0.40733340004593027,0.2414129012529524,-0.35835739835078595,0.8715799750472562,0.0,0.0,-0.00375,0.01,-0.31271072120902776,0.6872892787909722,-0.13269223310848838,0.21450053249801027
-0.34999999999999964,-0.34999999999999964,1.0,0.41338242108267004,0.24249739502250015,-0.3363755443363319,0.8868514931724364,0.0,0.0,-0.0034999999999999966,0.01,-0.29531191028128634,0.7046880897187137,-0.12711380394774321,0.23193798242116914
-0.3250000000000002,-0.3250000000000002,1.0,0.41945769517934034,0.24351293713417596,-0.3140209253469977,0.9013908584442153,0.0,0.0,-0.003250000000000002,0.01,-0.2774726463579279,0.7225273536420721,-0.12109533398742997,0.24969454981005068
-0.2999999999999998,-0.2999999999999998,1.0,0.4255574831883411,0.2444583116907459,-0.29131261245159074,0.9151369618266293,0.0,0.0,-0.0029999999999999983,0.01,-0.259181779318282,0.740818220681718,-0.1146290764572407,0.26775131728440327
-0.27499999999999947,-0.27499999999999947,1.0,0.4316800165217521,0.24533237985753195,-0.2682711820216009,0.9280305728967331,0.0,0.0,-0.0027499999999999946,0.01,-0.24042787677503108,0.7595721232249689,-0.1077077681232096,0.2860885431785154
-0.25,-0.25,1.0,0.43782349911420193,0.24613408273759835,-0.24491866240370913,0.940014848806378,0.0,0.0,-0.0025,0.01,-0.22119921692859512,0.7788007830714049,-0.100324649298315,0.3046857109181629
-0.22499999999999964,-0.22499999999999964,1.0,0.44398610945538014,0.24686244406605537,-0.22127846789844363,0.9510358396445174,0.0,0.0,-0.0022499999999999964,0.01,-0.20148378124062272,0.7985162187593773,-0.0924734825773015,0.3235215816084256
-0.1999999999999993,-0.1999999999999993,1.0,0.4501660026875223,0.24751657271186,-0.1973753202249033,0.9610429829661169,0.0,0.0,-0.001999999999999993,0.01,-0.1812692469220175,0.8187307530779825,-0.08414857021789349,0.3425742496288515
-0.17499999999999982,-0.17499999999999982,1.0,0.4563613127629212,0.24809566497622443,-0.17323515783465993,0.9699895800900005,0.0,0.0,-0.0017499999999999983,0.01,-0.16054297923079253,0.8394570207692075,-0.075344770095859,0.3618212010163968
-0.14999999999999947,-0.14999999999999947,1.0,0.46257015465625057,0.24859900667754298,-0.14888503362331745,0.9778332467629837,0.0,0.0,-0.0014999999999999946,0.01,-0.13929202357494175,0.8607079764250583,-0.0660575101670737,0.38123937440164957
-0.125,-0.125,1.0,0.46879062662624377,0.24902597501361745,-0.12435300177159621,0.9845363309503934,0.0,0.0,-0.00125,0.01,-0.11750309741540454,0.8824969025845955,-0.05628280137577661,0.4008052242501814
-0.09999999999999964,-0.09999999999999964,1.0,0.4750208125210601,0.24937604019289197,-0.09966799462495547,0.9900662908474398,0.0,0.0,-0.0009999999999999966,0.01,-0.09516258196404015,0.9048374180359599,-0.04601724895456469,0.4204947861485767
-0.07499999999999929,-0.07499999999999929,1.0,0.4812587841214649,0.24964876682739418,-0.0748596906874984,0.994396026710172,0.0,0.0,-0.0007499999999999929,0.01,-0.07225651367144648,0.9277434863285535,-0.03525806206834748,0.4402837438637375
-0.04999999999999982,-0.04999999999999982,1.0,0.48750260351578967,0.24984381508111644,-0.049958374957879796,0.9975041607715679,0.0,0.0,-0.0004999999999999983,0.01,-0.04877057549928587,0.9512294245007141,-0.024003061761377908,0.46014749789461695
-0.024999999999999467,-0.024999999999999467,1.0,0.49375032550048975,0.24996094156865015,-0.024994792968420155,0.9993752603244658,0.0,0.0,-0.0002499999999999947,0.01,-0.02469008797166683,0.9753099120283332,-0.012250687173616695,0.4800612352275602
0.0,0.0,1.0,0.5,0.25,0.0,1.0,0.0,0.0,0.0,0.01,0.0,1.0,0.0,0.5
0.025000000000000355,0.025000000000000355,1.0,0.5062496744995105,0.24996094156865017,0.024994792968421043,0.9993752603244658,0.025000000000000355,1.0,0.025000000000000355,1.0,0.025000000000000355,1.0,0.012749312826383233,0.5199387647724404
0.05000000000000071,0.05000000000000071,1.0,0.5124973964842106,0.24984381508111644,0.04995837495788068,0.9975041607715678,0.05000000000000071,1.0,0.05000000000000071,1.0,0.05000000000000071,1.0,0.02599693823862239,0.5398525021053838
0.07500000000000018,0.07500000000000018,1.0,0.5187412158785353,0.24964876682739415,0.07485969068749927,0.9943960267101719,0.07500000000000018,1.0,0.07500000000000018,1.0,0.07500000000000018,1.0,0.03974193793165231,0.5597162561362632
0.10000000000000053,0.10000000000000053,1.0,0.5249791874789401,0.24937604019289197,0.09966799462495635,0.9900662908474397,0.10000000000000053,1.0,0.10000000000000053,1.0,0.10000000000000053,1.0,0.05398275104543547,0.579505213851424
0.125,0.125,1.0,0.5312093733737563,0.24902597501361748,0.12435300177159621,0.9845363309503934,0.125,1.0,0.125,1.0,0.125,1.0,0.06871719862422339,0.5991947757498188
0.15000000000000036,0.15000000000000036,1.0,0.5374298453437497,0.24859900667754298,0.1488850336233183,0.9778332467629833,0.15000000000000036,1.0,0.15000000000000036,1.0,0.15000000000000036,1.0,0.08394248983292632,0.6187606255983511
0.1750000000000007,0.1750000000000007,1.0,0.5436386872370791,0.2480956649762244,0.17323515783466079,0.9699895800900001,0.1750000000000007,1.0,0.1750000000000007,1.0,0.1750000000000007,1.0,0.09965522990414138,0.6381787989836043
0.20000000000000018,0.20000000000000018,1.0,0.549833997312478,0.24751657271185995,0.19737532022490417,0.9610429829661166,0.20000000000000018,1.0,0.20000000000000018,1.0,0.20000000000000018,1.0,0.1158514297821064,0.6574257503711489
0.22500000000000053,0.22500000000000053,1.0,0.55601389054462,0.24686244406605531,0.22127846789844446,0.9510358396445171,0.22500000000000053,1.0,0.22500000000000053,1.0,0.22500000000000053,1.0,0.13252651742269875,0.6764784183915746
0.25,0.25,1.0,0.5621765008857981,0.24613408273759835,0.24491866240370913,0.940014848806378,0.25,1.0,0.25,1.0,0.25,1.0,0.149675350701685,0.6953142890818373
0.27500000000000036,0.27500000000000036,1.0,0.5683199834782481,0.2453323798575319,0.2682711820216017,0.9280305728967326,0.27500000000000036,1.0,0.27500000000000036,1.0,0.27500000000000036,1.0,0.1672922318767905,0.7139114568214855
0.3000000000000007,0.3000000000000007,1.0,0.5744425168116591,0.24445831169074583,0.29131261245159157,0.9151369618266288,0.3000000000000007,1.0,0.3000000000000007,1.0,0.3000000000000007,1.0,0.18537092354275977,0.7322486827155976
0.3250000000000002,0.3250000000000002,1.0,0.5805423048206597,0.24351293713417593,0.3140209253469977,0.9013908584442153,0.3250000000000002,1.0,0.3250000000000002,1.0,0.3250000000000002,1.0,0.2039046660125702,0.750305450189948
0.35000000000000053,0.35000000000000053,1.0,0.5866175789173301,0.2424973950225001,0.3363755443363327,0.8868514931724358,0.35000000000000053,1.0,0.35000000000000053,1.0,0.35000000000000053,1.0,0.2228861960522571,0.7680620175788313
0.375,0.375,1.0,0.5926665999540697,0.24141290125295242,0.35835739835078595,0.8715799750472562,0.375,1.0,0.375,1.0,0.375,1.0,0.24230776689151162,0.7854994675019897
0.40000000000000036,0.40000000000000036,1.0,0.5986876601124521,0.24026074574152914,0.3799489622552252,0.8556387860811775,0.40000000000000036,1.0,0.40000000000000036,1.0,0.40000000000000036,1.0,0.26216116942735646,0.8025997528443893
0.4250000000000007,0.4250000000000007,1.0,0.6046790847140094,0.23904228922343723,0.4011342849479465,0.8390912854392997,0.4250000000000007,1.0,0.4250000000000007,1.0,0.4250000000000007,1.0,0.28243775453373166,0.819345739170573
0.4500000000000002,0.4500000000000002,1.0,0.610639233949222,0.2377589599111293,0.42189900525000806,0.8220012293690537,0.4500000000000002,1.0,0.4500000000000002,1.0,0.4500000000000002,1.0,0.3031284563858849,0.8357212434244552
0.47500000000000053,0.47500000000000053,1.0,0.6165665045213194,0.23641225002368121,0.4422303560457266,0.8044323121916699,0.47500000000000053,1.0,0.47500000000000053,1.0,0.47500000000000053,1.0,0.32422381670495426,0.8517110687851828
0.5,0.5,1.0,0.6224593312018546,0.2350037122015945,0.46211715726000974,0.7864477329659274,0.5,1.0,0.5,1.0,0.5,1.0,0.34571400982514394,0.8673010355700583
0.5250000000000004,0.5250000000000004,1.0,0.6283161882953663,0.23353495582134812,0.4815497983643082,0.7681097916952941,0.5250000000000004,1.0,0.5250000000000004,1.0,0.5250000000000004,1.0,0.367588868483457,0.8824780080964931
0.5500000000000007,0.5500000000000007,1.0,0.6341355910108009,0.23200764322418316,0.5005202111902357,0.7494795181900819,0.5500000000000007,1.0,0.5500000000000007,1.0,0.5500000000000007,1.0,0.3898379102299692,0.8972299174362757
0.5750000000000002,0.5750000000000002,1.0,0.6399160967377342,0.230423485873677,0.5190218338982222,0.7306163359369262,0.5750000000000002,1.0,0.5750000000000002,1.0,0.5750000000000002,1.0,0.41245036435527066,0.9115457800169242
0.6000000000000005,0.6000000000000005,1.0,0.6456563062257956,0.22878424045665724,0.5370495669980356,0.7115777625872224,0.6000000000000005,1.0,0.6000000000000005,1.0,0.6000000000000005,1.0,0.4354151992308153,0.9254157120466004
0.625,0.625,1.0,0.6513548646660542,0.2270917049419204,0.5545997223493823,0.6924191479699882,0.625,1.0,0.625,1.0,0.625,1.0,0.4587211499576005,0.9388309397606225
0.6500000000000004,0.6500000000000004,1.0,0.6570104626734988,0.22534771461105382,0.5716699660851174,0.6731934498762406,0.6500000000000004,1.0,0.6500000000000004,1.0,0.6500000000000004,1.0,0.4823567462188463,0.9517838055089829
0.6750000000000007,0.6750000000000007,1.0,0.6626218371700827,0.2235541380754271,0.5882592563981057,0.6539510472619476,0.6750000000000007,1.0,0.6750000000000007,1.0,0.6750000000000007,1.0,0.5063103402330503,0.9642677697254172
0.7000000000000002,0.7000000000000002,1.0,0.6681877721681662,0.22171287329310904,0.6043677771171636,0.6347395899824584,0.7000000000000002,1.0,0.7000000000000002,1.0,0.7000000000000002,1.0,0.5305701347051169,0.976277408839108
0.7250000000000005,0.7250000000000005,1.0,0.6737070994545216,0.21982584359909696,0.6199968679693744,0.6156038837081661,0.7250000000000005,1.0,0.7250000000000005,1.0,0.7250000000000005,1.0,0.5551242106750056,0.9878084092100714
0.75,0.75,1.0,0.679178699175393,0.21789499376181404,0.6351489523872873,0.5965858082813315,0.75,1.0,0.75,1.0,0.75,1.0,0.5799605551656203,0.9988575571884759
0.7750000000000004,0.7750000000000004,1.0,0.6846015003234308,0.21592228607833838,0.6498274636719206,0.5777242674577188,0.7750000000000004,1.0,0.7750000000000004,1.0,0.7750000000000004,1.0,0.6050670885344293,1.009422725416556
0.8000000000000007,0.8000000000000007,1.0,0.6899744811276126,0.21390969652029435,0.6640367702678494,0.5590551677322435,0.8000000000000007,1.0,0.8000000000000007,1.0,0.8000000000000007,1.0,0.6304316914364488,1.0195028555089927
0.8250000000000002,0.8250000000000002,1.0,0.6952966693475654,0.2118592109417477,0.6777821008468297,0.540611423771658,0.8250000000000002,1.0,0.8250000000000002,1.0,0.8250000000000002,1.0,0.6560422313098786,1.029097937263895
0.8500000000000005,0.8500000000000005,1.0,0.7005671424739731,0.20977282135982497,0.6910694698329308,0.5224229878648319,0.8500000000000005,1.0,0.8500000000000005,1.0,0.8500000000000005,1.0,0.6818865882996434,1.038208984571531
0.875,0.875,1.0,0.7057850278370112,0.2076525223181205,0.703905603936621,0.5045169007466208,0.875,1.0,0.875,1.0,0.875,1.0,0.7079526805384551,1.0468380082015507
0.9000000000000004,0.9000000000000004,1.0,0.710949502625004,0.20550030734226343,0.7162978701990246,0.4869173611483414,0.9000000000000004,1.0,0.9000000000000004,1.0,0.9000000000000004,1.0,0.7342284887097209,1.0549879856618425
0.9250000000000007,0.9250000000000007,1.0,0.71605979381571,0.20331816549631285,0.7282542059818118,0.4696458114698009,0.9250000000000007,1.0,0.9250000000000007,1.0,0.9250000000000007,1.0,0.7607020798215479,1.062662828332794
0.9500000000000002,0.9500000000000002,1.0,0.7211151780228631,0.20110807804791758,0.7397830512740043,0.4527210370477238,0.9500000000000002,1.0,0.9500000000000002,1.0,0.9500000000000002,1.0,0.7873616301263604,1.0698673460902945
0.9750000000000005,0.9750000000000005,1.0,0.7261149812607792,0.19887201524943746,0.7508932836251674,0.4361592766066139,0.9750000000000005,1.0,0.9750000000000005,1.0,0.9750000000000005,1.0,0.8141954471260625,1.0766072096383308
1.0,1.0,1.0,0.7310585786300049,0.19661193324148185,0.7615941559557649,0.41997434161402614,1.0,1.0,1.0,1.0,1.0,1.0,0.8411919906082768,1.0828889107782835
1.0250000000000004,1.0250000000000004,1.0,0.7359453939271485,0.1943297710845627,0.7718952374404184,0.40417774241680005,1.0250000000000004,1.0,1.0250000000000004,1.0,1.0250000000000004,1.0,0.8683398926649766,1.0887197208468038
1.0500000000000007,1.0500000000000007,1.0,0.7407748991821541,0.19202744792382354,0.7818063576087744,0.38877881920250124,1.0500000000000007,1.0,1.0500000000000007,1.0,1.0500000000000007,1.0,0.8956279766506178,1.0941076475568074
1.0750000000000002,1.0750000000000002,1.0,0.7455466141264027,0.18970686029105951,0.7913375537619974,0.37378487600597776,1.0750000000000002,1.0,1.0750000000000002,1.0,1.0750000000000002,1.0,0.9230452750428166,1.0990613904778783
1.1000000000000005,1.1000000000000005,1.0,0.7502601055951177,0.18736987954752055,0.8004990217606299,0.3592013161602745,1.1000000000000005,1.0,1.1000000000000005,1.0,1.1000000000000005,1.0,0.9505810461745116,1.1035902953921948
1.125,1.125,1.0,0.7549149868676283,0.1850183494702769,0.809301070201781,0.34503177777025196,1.125,1.0,1.125,1.0,1.125,1.0,0.9782247898124261,1.107704307760386
1.1500000000000004,1.1500000000000004,1.0,0.7595109169491112,0.1826540839842315,0.8177540779702879,0.33127826796296433,1.1500000000000004,1.0,1.1500000000000004,1.0,1.1500000000000004,1.0,1.0059662615625307,1.1114139255290176
1.1750000000000007,1.1750000000000007,1.0,0.7640475997974662,0.18027886504119714,0.8258684551194577,0.31794129483860023,1.1750000000000007,1.0,1.1750000000000007,1.0,1.1750000000000007,1.0,1.0337954860888778,1.1147301515066914
1.2000000000000002,1.2000000000000002,1.0,0.7685247834990178,0.17789444064680565,0.8336546070121553,0.30501999620740883,1.2000000000000002,1.0,1.2000000000000002,1.0,1.2000000000000002,1.0,1.061702769137865,1.1176644455304334
1.2250000000000005,1.2250000000000005,1.0,0.7729422593967386,0.17550252303540348,0.8411229016320434,0.2925122643500918,1.2250000000000005,1.0,1.2250000000000005,1.0,1.2250000000000005,1.0,1.0896787083653992,1.1202286766369944
1.25,1.25,1.0,0.7772998611746911,0.17310478699249707,0.8482836399575129,0.28041486618043265,1.25,1.0,1.25,1.0,1.25,1.0,1.1177142029697147,1.1224350754458818
1.2750000000000004,1.2750000000000004,1.0,0.7815974639023656,0.1707028683237559,0.8551470292769646,0.26872355831878225,1.2750000000000004,1.0,1.2750000000000004,1.0,1.2750000000000004,1.0,1.145800462137693,1.124296186951895
1.3000000000000007,1.3000000000000007,1.0,0.7858349830425586,0.16829836246906024,0.8617231593133066,0.2574331967030937,1.3000000000000007,1.0,1.3000000000000007,1.0,1.3000000000000007,1.0,1.1739290123173103,1.125824823915373
1.3250000000000002,1.3250000000000002,1.0,0.7900123734263975,0.16589282325958776,0.8680219810175624,0.24653784047034644,1.3250000000000002,1.0,1.3250000000000002,1.0,1.3250000000000002,1.0,1.2020917033334615,1.1270340210274021
1.3500000000000005,1.3500000000000005,1.0,0.7941296281990528,0.163487761815487,0.8740532878860071,0.2360308499356608,1.3500000000000005,1.0,1.3500000000000005,1.0,1.3500000000000005,1.0,1.2302807133686802,1.127936990016373
1.375,1.375,1.0,0.7981867777396212,0.16108464558126173,0.8798266996519848,0.2259049785794961,1.375,1.0,1.375,1.0,1.375,1.0,1.25848855283428,1.1285470758502925
1.4000000000000004,1.4000000000000004,1.0,0.8021838885585818,0.15868489749561462,0.8853516482022625,0.21615245902553715,1.4000000000000004,1.0,1.4000000000000004,1.0,1.4000000000000004,1.0,1.2867080671611948,1.1288777141769977
1.4250000000000007,1.4250000000000007,1.0,0.8061210621761402,0.1562898952921517,0.8906373655681186,0.20676508305388153,1.4250000000000007,1.0,1.4250000000000007,1.0,1.4250000000000007,1.0,1.3149324385431307,1.1289423901319253
1.4500000000000002,1.4500000000000002,1.0,0.8099984339846871,0.1539009709270416,0.8956928738431645,0.19773427574657298,1.4500000000000002,1.0,1.4500000000000002,1.0,1.4500000000000002,1.0,1.3431551866677909,1.1287545986304757
1.4750000000000005,1.4750000000000005,1.0,0.8138161720984914,0.15151941012945,0.9005269768828866,0.18905116390616894,1.4750000000000005,1.0,1.4750000000000005,1.0,1.4750000000000005,1.0,1.3713701684746544,1.1283278062488407
1.5,1.5,1.0,0.8175744761936437,0.14914645207033286,0.9051482536448665,0.18070663892364836,1.5,1.0,1.5,1.0,1.5,1.0,1.3995715769802328,1.127675414784619
1.5250000000000004,1.5250000000000004,1.0,0.8212735763411496,0.14678328914496752,0.909565053033425,0.17269141430030266,1.5250000000000004,1.0,1.5250000000000004,1.0,1.5250000000000004,1.0,1.4277539392138852,1.1268107265754885
1.5500000000000007,1.5500000000000007,1.0,0.8249137318359603,0.1444310668644297,0.913785490117828,0.16499607805012095,1.5500000000000007,1.0,1.5500000000000007,1.0,1.5500000000000007,1.0,1.455912113309008,1.1257469116418832
1.5750000000000002,1.5750000000000002,1.0,0.8284952300245991,0.1420908838510857,0.91781744359907,0.1576111402252679,1.5750000000000002,1.0,1.5750000000000002,1.0,1.5750000000000002,1.0,1.4840412847959792,1.1244969767070891
1.6000000000000005,1.6000000000000005,1.0,0.8320183851339246,0.13976379193306093,0.9216685544064714,0.15052707581828517,1.6000000000000005,1.0,1.6000000000000005,1.0,1.6000000000000005,1.0,1.512136962144362,1.1230737361361882
1.625,1.625,1.0,0.8354835371034369,0.13745079633256685,0.9253462253117412,0.1437343633013124,1.625,1.0,1.625,1.0,1.625,1.0,1.5401949716027885,1.1214897848240035
1.6500000000000004,1.6500000000000004,1.0,0.8388910504234147,0.1351528559429146,0.9288576214547277,0.1372235190654657,1.6500000000000004,1.0,1.6500000000000004,1.0,1.6500000000000004,1.0,1.568211451385562,1.1197574730504485
1.6750000000000007,1.6750000000000007,1.0,0.8422413129810302,0.1328708836890205,0.9322096716816438,0.13098512802320184,1.6750000000000007,1.0,1.6750000000000007,1.0,1.6750000000000007,1.0,1.5961828452553117,1.1178888833118918
1.7000000000000002,1.7000000000000002,1.0,0.8455347349164652,0.13060574696620808,0.9354090706030991,0.12500987063344637,1.7000000000000002,1.0,1.7000000000000002,1.0,1.7000000000000002,1.0,1.6241058955511563,1.1158958091264388
1.7250000000000005,1.7250000000000005,1.0,0.8487717474909259,0.12835826815212584,0.9384622812857041,0.11928854660403199,1.7250000000000005,1.0,1.7250000000000005,1.0,1.7250000000000005,1.0,1.6519776357116334,1.1137897358019089
1.75,1.75,1.0,0.8519528019683106,0.12612922518665515,0.9413755384972874,0.11381209551894222,1.75,1.0,1.75,1.0,1.75,1.0,1.6797953823412515,1.1115818231464587
1.7750000000000004,1.7750000000000004,1.0,0.8550783685121771,0.12391935221473055,0.944154852431854,0.10857161462938392,1.7750000000000004,1.0,1.7750000000000004,1.0,1.7750000000000004,1.0,1.707556726868956,1.1092828900935743
1.8000000000000007,1.8000000000000007,1.0,0.8581489350995123,0.12172934028708533,0.9468060128462684,0.10355837403815182,1.8000000000000007,1.0,1.8000000000000007,1.0,1.8000000000000007,1.0,1.7352595268459308,1.1069034012055852
1.8250000000000002,1.8250000000000002,1.0,0.8611650064526928,0.11955983811402639,0.9493345935462566,0.09876382949636375,1.8250000000000002,1.0,1.8250000000000002,1.0,1.8250000000000002,1.0,1.7629018969292352,1.1044534550133136
1.8500000000000005,1.8500000000000005,1.0,0.8641271029909058,0.11741145286745029,0.9517459571646617,0.09417963302072196,1.8500000000000005,1.0,1.8500000000000005,1.0,1.8500000000000005,1.0,1.7904821995965963,1.101942774142742
1.875,1.875,1.0,0.8670357598021706,0.11528475102644331,0.9540452601799488,0.08979764152817371,1.875,1.0,1.875,1.0,1.875,1.0,1.817999035636372,1.0993806971747375
1.9000000000000004,1.9000000000000004,1.0,0.8698915256370021,0.11318025926193101,0.9562374581277391,0.08560992367340048,1.9000000000000004,1.0,1.9000000000000004,1.0,1.9000000000000004,1.0,1.845451234455333,1.0967761721785436
1.9250000000000007,1.9250000000000007,1.0,0.8726949619246285,0.11109846535599974,0.9583273109626392,0.08160876506311698,1.9250000000000007,1.0,1.9250000000000007,1.0,1.9250000000000007,1.0,1.8728378442453,1.0941377518555697
1.9500000000000002,1.9500000000000002,1.0,0.8754466418125836,0.10903981915165356,0.9603193885318451,0.07778667200982325,1.9500000000000002,1.0,1.9500000000000002,1.0,1.9500000000000002,1.0,1.9001581220481114,1.0914735902267552
1.9750000000000005,1.9750000000000005,1.0,0.878147149230382,0.10700473352893525,0.9622180761259219,0.0741363739765295,1.9750000000000005,1.0,1.9750000000000005,1.0,1.9750000000000005,1.0,1.9274115237566374,1.0887914407932797
2.0,2.0,1.0,0.8807970779778823,0.10499358540350662,0.9640275800758169,0.07065082485316443,2.0,1.0,2.0,1.0,2.0,1.0,1.954597694087775,1.0860986560984287
2.0250000000000004,2.0250000000000004,1.0,0.8833970308388606,0.1030067167439458,0.9657519333685446,0.06732320319491825,2.0250000000000004,1.0,2.0250000000000004,1.0,2.0250000000000004,1.0,1.9817164565615586,1.0834021886161267
2.0500000000000007,2.0500000000000007,1.0,0.8859476187202093,0.10104443560419993,0.9673950012571182,0.06414691154274033,2.0500000000000007,1.0,2.0500000000000007,1.0,2.0500000000000007,1.0,2.008767803518582,1.0807085928906233
2.075,2.075,1.0,0.8884494598171035,0.09910701716780046,0.9689604868431823,0.06111557493662323,2.075,1.0,2.075,1.0,2.075,1.0,2.0357518862060897,1.0780240288506135
2.1000000000000005,2.1000000000000005,1.0,0.8909031788043871,0.09719470480062539,0.970451936613454,0.058223038723196674,2.1000000000000005,1.0,2.1000000000000005,1.0,2.1000000000000005,1.0,2.0626690049611125,1.0753542662208417
2.125,2.125,1.0,0.8933094060543487,0.09530771110917544,0.971872745913509,0.0554633657505359,2.125,1.0,2.125,1.0,2.125,1.0,2.0895195995171316,1.072704689954179
2.1500000000000004,2.1500000000000004,1.0,0.8956687768809987,0.0934462190014945,0.9732261643446705,0.0528308330349605,2.1500000000000004,1.0,2.1500000000000004,1.0,2.1500000000000004,1.0,2.116304239458821,1.070080306607231
2.1750000000000007,2.1750000000000007,1.0,0.8979819308108697,0.09161038274805208,0.9745153010717769,0.05031992797698415,2.1750000000000007,1.0,2.1750000000000007,1.0,2.1750000000000007,1.0,2.1430236148474937,1.0674857515838099
2.2,2.2,1.0,0.9002495108803148,0.08980032904006877,0.9757431300314515,0.04792534419642591,2.2,1.0,2.2,1.0,2.2,1.0,2.1696785270380117,1.0649252971709728
2.2250000000000005,2.2250000000000005,1.0,0.9024721629592075,0.08801615804293711,0.9769124950321555,0.0456419770500488,2.2250000000000005,1.0,2.2250000000000005,1.0,2.2250000000000005,1.0,2.1962698797060423,1.0624028612939966
2.25,2.25,1.0,0.9046505351008906,0.08625794444256295,0.9780261147388136,0.043464918888900916,2.25,1.0,2.25,1.0,2.25,1.0,2.222798670102711,1.059922016918243
2.2750000000000004,2.2750000000000004,1.0,0.9067852769181763,0.08452573848260259,0.979086587536164,0.041389454106789514,2.2750000000000004,1.0,2.2750000000000004,1.0,2.2750000000000004,1.0,2.249265980551954,1.0574860020273888
2.3000000000000007,2.3000000000000007,1.0,0.9088770389851439,0.08281956699074108,0.9800963962661914,0.03941105402602474,2.3000000000000007,1.0,2.3000000000000007,1.0,2.3000000000000007,1.0,2.2756729702040817,1.0550977301097433
2.325,2.325,1.0,0.9109264722644368,0.08113943439230506,0.9810579128361078,0.03752537166165992,2.325,1.0,2.325,1.0,2.325,1.0,2.302020867057441,1.0527598010862675
2.3500000000000005,2.3500000000000005,1.0,0.9129342275597289,0.07948532370965006,0.9819734026943044,0.03572823640096945,2.3500000000000005,1.0,2.3500000000000005,1.0,2.3500000000000005,1.0,2.328310960258395,1.0504745126163897
2.375,2.375,1.0,0.9149009549929797,0.0778571975459134,0.9828450291725761,0.03401564863075801,2.375,1.0,2.375,1.0,2.375,1.0,2.354544592688261,1.048243871720075
2.4000000000000004,2.4000000000000004,1.0,0.9168273035060777,0.07625499905185222,0.9836748576936802,0.032383774341317895,2.4000000000000004,1.0,2.4000000000000004,1.0,2.4000000000000004,1.0,2.3807231538443987,1.0460696066568858
2.4250000000000007,2.4250000000000007,1.0,0.9187139203864272,0.07467865287462871,0.98446485984397,0.030828939732392424,2.4250000000000007,1.0,2.4250000000000007,1.0,2.4250000000000007,1.0,2.4068480730211057,1.043953179005726
2.45,2.45,1.0,0.9205614508160216,0.07312806608752305,0.9852169173114361,0.029347625843350822,2.45,1.0,2.45,1.0,2.45,1.0,2.4329208127946846,1.0418957958913495
2.4750000000000005,2.4750000000000005,1.0,0.9223705374435117,0.07160312909967907,0.9859328256900097,0.0279364632269129,2.4750000000000005,1.0,2.4750000000000005,1.0,2.4750000000000005,1.0,2.458942862815673,1.0398984223063366
2.5,2.5,1.0,0.9241418199787566,0.07010371654510807,0.9866142981514303,0.026592226683160525,2.5,1.0,2.5,1.0,2.5,1.0,2.484915733910001,1.037961793480136
2.5250000000000004,2.5250000000000004,1.0,0.9258759348093368,0.06862968815027348,0.9872629689863689,0.02531183006822002,2.5250000000000004,1.0,2.5250000000000004,1.0,2.5250000000000004,1.0,2.5108409524896795,1.036086427249387
2.5500000000000007,2.5500000000000007,1.0,0.9275735146384823,0.0671808895796956,0.9878803970168318,0.024092321189866706,2.5500000000000007,1.0,2.5500000000000007,1.0,2.5500000000000007,1.0,2.5367200552724714,1.0342726363864543
2.575,2.575,1.0,0.9292351881438593,0.06575715325910571,0.9884680688821502,0.02293087680039274,2.575,1.0,2.575,1.0,2.575,1.0,2.562554584309002,1.0325205408457307
2.6000000000000005,2.6000000000000005,1.0,0.9308615796566533,0.06435829917577342,0.9890274022010992,0.021824797695345177,2.6000000000000005,1.0,2.6000000000000005,1.0,2.6000000000000005,1.0,2.5883460823147577,1.0308300798901442
2.625,2.625,1.0,0.9324533088603709,0.06298413565571663,0.9895597486128832,0.020771503925207435,2.625,1.0,2.625,1.0,2.625,1.0,2.6140960883035094,1.0292010240626794
2.6500000000000004,2.6500000000000004,1.0,0.9340109905087812,0.061634460117586616,0.9900663966998862,0.019768530125703676,2.6500000000000004,1.0,2.6500000000000004,1.0,2.6500000000000004,1.0,2.6398061335178915,1.0276329869706586
2.6750000000000007,2.6750000000000007,1.0,0.9355352341624104,0.06030905980309438,0.9905485747952091,0.018813520971180053,2.6750000000000007,1.0,2.6750000000000007,1.0,2.6750000000000007,1.0,2.665477737652043,1.0261254368528299
2.7,2.7,1.0,0.9370266439430035,0.05900771248391524,0.9910074536781177,0.017904226754413388,2.7,1.0,2.7,1.0,2.7,1.0,2.6911124053605326,1.0246777079017377
2.7250000000000005,2.7250000000000005,1.0,0.9384858183053656,0.05773018714507391,0.9914441491605901,0.017038499095233584,2.7250000000000005,1.0,2.7250000000000005,1.0,2.7250000000000005,1.0,2.71671162304713,1.0232890113169901
2.75,2.75,1.0,0.9399133498259924,0.05647624464487404,0.9918597245682078,0.016214286779478893,2.75,1.0,2.75,1.0,2.75,1.0,2.742276855926382,1.0219584460663214
2.7750000000000004,2.7750000000000004,1.0,0.9413098250079087,0.05524563835148898,0.992255193118658,0.01542963172905476,2.7750000000000004,1.0,2.7750000000000004,1.0,2.7750000000000004,1.0,2.7678095453504463,1.0206850093347768
2.8000000000000007,2.8000000000000007,1.0,0.9426758241011313,0.054038114756384294,0.9926315202011281,0.014682665103197379,2.8000000000000007,1.0,2.8000000000000007,1.0,2.8000000000000007,1.0,2.7933111063931215,1.0194676066439428
2.825,2.825,1.0,0.9440119209381783,0.052853414064788884,0.9929896255598674,0.013971603530474441,2.825,1.0,2.825,1.0,2.825,1.0,2.818782925682643,1.018305061625675
2.8500000000000005,2.8500000000000005,1.0,0.9453186827840592,0.05169127076347048,0.9933303853851734,0.01329474547054299,2.8500000000000005,1.0,2.8500000000000005,1.0,2.8500000000000005,1.0,2.8442263594744053,1.017196125436648
2.875,2.875,1.0,0.9465966702001757,0.05055141416611551,0.9936546343150297,0.0126504677042647,2.875,1.0,2.875,1.0,2.875,1.0,2.8696427319544755,1.0161394858024693
2.9000000000000004,2.9000000000000004,1.0,0.9478464369215823,0.049433568936643184,0.9939631673505832,0.01203722195039647,2.9000000000000004,1.0,2.9000000000000004,1.0,2.9000000000000004,1.0,2.8950333337645286,1.015133775681754
2.9250000000000007,2.9250000000000007,1.0,0.9490685297470565,0.04833745559081706,0.9942567416885992,0.011453531606770095,2.9250000000000007,1.0,2.9250000000000007,1.0,2.9250000000000007,1.0,2.920399420738564,1.0141775815426044
2.95,2.95,1.0,0.9502634884414434,0.04726279097654219,0.994536078473978,0.010897988613601584,2.95,1.0,2.95,1.0,2.95,1.0,2.9457422128416586,1.0132694512458897
2.9750000000000005,2.9750000000000005,1.0,0.9514318456497438,0.04620928873326588,0.9948018644753533,0.010369250436360722,2.9750000000000005,1.0,2.9750000000000005,1.0,2.9750000000000005,1.0,2.9710628933008585,1.0124079015313683
3.0,3.0,1.0,0.9525741268224334,0.045176659730912,0.9950547536867305,0.009866037165440211,3.0,1.0,3.0,1.0,3.0,1.0,2.996362607918227,1.0115914251042284
3.0250000000000004,3.0250000000000004,1.0,0.9536908501514997,0.044164612488809464,0.9952953688580437,0.009387128729730687,3.0250000000000004,1.0,3.0250000000000004,1.0,3.0250000000000004,1.0,3.02164246455607,1.010818497321523
3.0500000000000007,3.0500000000000007,1.0,0.9547825265167125,0.04317285357507572,0.9955243029574473,0.008931362221088701,3.0500000000000007,1.0,3.0500000000000007,1.0,3.0500000000000007,1.0,3.0469035327843037,1.0100875824793292
3.075000000000001,3.075000000000001,1.0,0.9558496594416355,0.04220108798694496,0.9957421205680717,0.00849762932659981,3.075000000000001,1.0,3.075000000000001,1.0,3.075000000000001,1.0,3.072146843680037,1.0093971397029549
3.0999999999999996,3.0999999999999996,1.0,0.9568927450589139,0.04124901951253034,0.9959493592219002,0.008084873865486397,3.0999999999999996,1.0,3.0999999999999996,1.0,3.0999999999999996,1.0,3.09737338976945,1.0087456284437266
3.125,3.125,1.0,0.9579122720843811,0.04031635107451971,0.996146530673345,0.007692089427458471,3.125,1.0,3.125,1.0,3.125,1.0,3.122584125102222,1.0081315135875215
3.1500000000000004,3.1500000000000004,1.0,0.958908721799535,0.039402785056316975,0.9963341221150144,0.00731831710930364,3.1500000000000004,1.0,3.1500000000000004,1.0,3.1500000000000004,1.0,3.147779965448827,1.0075532701808143
3.1750000000000007,3.1750000000000007,1.0,0.9598825680419544,0.038508023611137206,0.9965125973380904,0.0069626433464928805,3.1750000000000007,1.0,3.1750000000000007,1.0,3.1750000000000007,1.0,3.1729617886112633,1.0070093877817854
3.200000000000001,3.200000000000001,1.0,0.9608342772032357,0.03763176895457135,0.9966823978396512,0.006624197836603285,3.200000000000001,1.0,3.200000000000001,1.0,3.200000000000001,1.0,3.1981304348379167,1.006498374444746
3.2249999999999996,3.2249999999999996,1.0,0.9617643082340419,0.036773723641136735,0.9968439438791923,0.006302151551377699,3.2249999999999996,1.0,3.2249999999999996,1.0,3.2249999999999996,1.0,3.223286707333499,1.006018760346734
3.25,3.25,1.0,0.9626731126558706,0.03593359082532804,0.996997635486526,0.0059957148342763,3.25,1.0,3.25,1.0,3.25,1.0,3.2484313728552525,1.0055691010667687
3.2750000000000004,3.2750000000000004,1.0,0.9635611345791598,0.03511107450768208,0.9971438534231548,0.005704135580421932,3.2750000000000004,1.0,3.2750000000000004,1.0,3.2750000000000004,1.0,3.2735651623868383,1.0051479805282213
3.3000000000000007,3.3000000000000007,1.0,0.9644288107273639,0.03430587976636643,0.9972829600991421,0.005426697495892974,3.3000000000000007,1.0,3.3000000000000007,1.0,3.3000000000000007,1.0,3.2986887718816646,1.004754013616278
3.325000000000001,3.325000000000001,1.0,0.9652765704666424,0.03351771297479956,0.9974153004474253,0.005162718433372238,3.325000000000001,1.0,3.325000000000001,1.0,3.325000000000001,1.0,3.3238028630676526,1.0043858484819594
3.3499999999999996,3.3499999999999996,1.0,0.9661048358408219,0.032746282005800514,0.9975412027574452,0.0049115488012296815,3.3499999999999996,1.0,3.3499999999999996,1.0,3.3499999999999996,1.0,3.348908064305762,1.0040421685460643
3.375,3.375,1.0,0.9669140216112958,0.031991296422766394,0.997660979469889,0.0046725700431817785,3.375,1.0,3.375,1.0,3.375,1.0,3.3740049714949545,1.0037216942156846
3.4000000000000004,3.4000000000000004,1.0,0.9677045353015495,0.0312524676583616,0.9977749279342794,0.004445193185743657,3.4000000000000004,1.0,3.4000000000000004,1.0,3.4000000000000004,1.0,3.3990941490165465,1.003423184326948
3.4250000000000007,3.4250000000000007,1.0,0.9684767772459986,0.030529509181203042,0.997883331131068,0.00422885745076329,3.4250000000000007,1.0,3.4250000000000007,1.0,3.4250000000000007,1.0,3.4241761307113023,1.003145437327575
3.450000000000001,3.450000000000001,1.0,0.969231140642852,0.02982213665100806,0.9979864583598287,0.0040230289304059585,3.450000000000001,1.0,3.450000000000001,1.0,3.450000000000001,1.0,3.4492514208829266,1.002887292213643
3.4749999999999996,3.4749999999999996,1.0,0.9699680116107118,0.02913006806267388,0.9980845658950795,0.0038271993220305722,3.4749999999999996,1.0,3.4749999999999996,1.0,3.4749999999999996,1.0,3.474320495321983,1.0026476292340192
3.5,3.5,1.0,0.9706877692486436,0.028453023879735598,0.9981778976111987,0.003640884720487403,3.5,1.0,3.5,1.0,3.5,1.0,3.499383802344626,1.0024253703774235
3.5250000000000004,3.5250000000000004,1.0,0.9713907856994539,0.02779072715765151,0.9982666855778416,0.0034636244654306925,3.5250000000000004,1.0,3.5250000000000004,1.0,3.5250000000000004,1.0,3.5244417638408554,1.00221947965575
3.5500000000000007,3.5500000000000007,1.0,0.9720774262159271,0.027142903657345927,0.9983511506272034,0.0032949800413391017,3.5500000000000007,1.0,3.5500000000000007,1.0,3.5500000000000007,1.0,3.549494776327415,1.0020289631979153
3.575000000000001,3.575000000000001,1.0,0.972748049229784,0.02650928194943375,0.998431502894418,0.003134534027993907,3.575000000000001,1.0,3.575000000000001,1.0,3.575000000000001,1.0,3.574543212000752,1.0018528691684452
3.5999999999999996,3.5999999999999996,1.0,0.973403006423134,0.02588959350953811,0.9985079423323265,0.002981889099263224,3.5999999999999996,1.0,3.5999999999999996,1.0,3.5999999999999996,1.0,3.5995874197858364,1.001690287524596
3.625,3.625,1.0,0.9740426428022031,0.025283572805102884,0.9985806592017988,0.0028366670681009287,3.625,1.0,3.625,1.0,3.625,1.0,3.62462772637698,1.0015403496252873
3.6500000000000004,3.6500000000000004,1.0,0.9746672967731284,0.024690957374090893,0.9986498345387343,0.002698507975758546,3.6500000000000004,1.0,3.6500000000000004,1.0,3.6500000000000004,1.0,3.6496644372671017,1.0014022277057393
3.6750000000000007,3.6750000000000007,1.0,0.9752773002196243,0.02411148789594508,0.998715640598828,0.0025670692232726555,3.6750000000000007,1.0,3.6750000000000007,1.0,3.6750000000000007,1.0,3.674697837762268,1.0012751342301414
3.700000000000001,3.700000000000001,1.0,0.9758729785823308,0.023544908255180536,0.9987782412811311,0.00244202474337063,3.700000000000001,1.0,3.700000000000001,1.0,3.700000000000001,1.0,3.699728193978609,1.0011583211355344
3.7249999999999996,3.7249999999999996,1.0,0.9764546509396596,0.022990965597967174,0.9988377925313967,0.002323064211006476,3.7249999999999996,1.0,3.7249999999999996,1.0,3.7249999999999996,1.0,3.724755753819044,1.0010510789790033
3.75,3.75,1.0,0.9770226300899744,0.022449410382043483,0.9988944427261528,0.0022098922908087015,3.75,1.0,3.75,1.0,3.75,1.0,3.7497807479275584,1.0009527359994763
3.7750000000000004,3.7750000000000004,1.0,0.9775772226349374,0.02191999642029943,0.9989483330384067,0.002102227919788535,3.7750000000000004,1.0,3.7750000000000004,1.0,3.7750000000000004,1.0,3.7748033906190184,1.0008626571059978
3.8000000000000007,3.8000000000000007,1.0,0.9781187290638694,0.021402480918350217,0.9989995977858408,0.0019998036237283134,3.8000000000000007,1.0,3.8000000000000007,1.0,3.8000000000000007,1.0,3.799823880782859,1.00078024280306
3.825000000000001,3.825000000000001,1.0,0.9786474438389795,0.020896624506410964,0.9990483647623233,0.0019023648657278125,3.825000000000001,1.0,3.825000000000001,1.0,3.825000000000001,1.0,3.824842402759172,1.0007049280629303
3.8499999999999996,3.8499999999999996,1.0,0.9791636554813196,0.020402191265779294,0.9990947555535189,0.0018096694254543522,3.8499999999999996,1.0,3.8499999999999996,1.0,3.8499999999999996,1.0,3.8498591271860048,1.0006361811552438
3.875,3.875,1.0,0.9796676466573412,0.019918948750208085,0.9991388858373508,0.0017214868076973477,3.875,1.0,3.875,1.0,3.875,1.0,3.8748742118169335,1.0005735024424922
3.9000000000000004,3.9000000000000004,1.0,0.9801596942659225,0.0194466680024558,0.9991808656700278,0.0016375976788938207,3.9000000000000004,1.0,3.9000000000000004,1.0,3.9000000000000004,1.0,3.8998878023081303,1.0005164231503159
3.9250000000000007,3.9250000000000007,1.0,0.9806400695257524,0.018985123566279856,0.9992207997583223,0.0015577933303386748,3.9250000000000007,1.0,3.9250000000000007,1.0,3.9250000000000007,1.0,3.92490003297445,1.0004645041206004
3.950000000000001,3.950000000000001,1.0,0.9811090380629611,0.018534093494132223,0.9992587877187472,0.001481875166859714,3.950000000000001,1.0,3.950000000000001,1.0,3.950000000000001,1.0,3.949911027514161,1.0004173345545269
3.9749999999999996,3.9749999999999996,1.0,0.9815668599988902,0.018093359350809333,0.9992949243242575,0.0014096542197764572,3.9749999999999996,1.0,3.9749999999999996,1.0,3.9749999999999996,1.0,3.974920899702176,1.0003745307529641
4.0,4.0,1.0,0.9820137900379085,0.017662706213291107,0.999329299739067,0.0013409506830258655,4.0,1.0,4.0,1.0,4.0,1.0,3.9999297540518075,1.0003357348599167
4.025,4.025,1.0,0.9824500775551757,0.01724192266700499,0.9993619997421463,0.001275593471378289,4.025,1.0,4.025,1.0,4.025,1.0,4.024937686445172,1.0003006136154369
4.050000000000001,4.050000000000001,1.0,0.9828759666842724,0.0168308007987295,0.9993931059399421,0.001213419799715565,4.050000000000001,1.0,4.050000000000001,1.0,4.050000000000001,1.0,4.04994478473258,1.0002688571225633
4.075000000000001,4.075000000000001,1.0,0.9832916964046118,0.016429136186352555,0.9994226959688306,0.0011542747823943822,4.075000000000001,1.0,4.075000000000001,1.0,4.075000000000001,1.0,4.074951129301301,1.0002401776334437
4.1,4.1,1.0,0.9836975006285591,0.016036727885685075,0.9994508436877974,0.001098011051750114,4.1,1.0,4.1,1.0,4.1,1.0,4.099956793614251,1.0002143083586645
4.125,4.125,1.0,0.9840936082881853,0.01565337841452505,0.9994776193618086,0.001044488394851717,4.125,1.0,4.125,1.0,4.125,1.0,4.124961844719233,1.0001910023032252
4.15,4.15,1.0,0.9844802434215911,0.015278893734155807,0.9995030898363213,0.0009935734076466085,4.15,1.0,4.15,1.0,4.15,1.0,4.149966343729413,1.0001700311327824
4.175000000000001,4.175000000000001,1.0,0.9848576252587378,0.014913083228457415,0.9995273187033555,0.0009451391656807306,4.175000000000001,1.0,4.175000000000001,1.0,4.175000000000001,1.0,4.174970346275873,1.0001511840726067
4.200000000000001,4.200000000000001,1.0,0.9852259683067269,0.014555759680799234,0.9995503664595334,0.0008990649106124238,4.200000000000001,1.0,4.200000000000001,1.0,4.200000000000001,1.0,4.199973902933044,1.0001342668413713
4.225,4.225,1.0,0.985585482434479,0.01420673924887432,0.9995722906564709,0.000855235751775596,4.225,1.0,4.225,1.0,4.225,1.0,4.224977059617941,1.000119100622257
4.25,4.25,1.0,0.9859363729567544,0.013865841437634087,0.9995931460438896,0.000813542382079202,4.25,1.0,4.25,1.0,4.25,1.0,4.2499798579641554,1.0001055210721717
4.275,4.275,1.0,0.9862788407174811,0.01353288907046268,0.9996129847057974,0.0007738808075672399,4.275,1.0,4.275,1.0,4.275,1.0,4.27498233567155,1.0000933773708454
4.300000000000001,4.300000000000001,1.0,0.9866130821723351,0.013207708258740227,0.9996318561900731,0.0007361520899890062,4.300000000000001,1.0,4.300000000000001,1.0,4.300000000000001,1.0,4.299984526832699,1.0000825313101984
4.325000000000001,4.325000000000001,1.0,0.9869392894705471,0.012890128369918739,0.9996498076317704,0.0007002621017645483,4.325000000000001,1.0,4.325000000000001,1.0,4.325000000000001,1.0,4.32498646223706,1.0000728564244525
4.35,4.35,1.0,0.9872576505358884,0.012579981994246025,0.9996668838704453,0.0006661212927535631,4.35,1.0,4.35,1.0,4.35,1.0,4.34998816965392,1.0000642371617658
4.375,4.375,1.0,0.9875683491468141,0.012277104910250355,0.9996831275617949,0.0006336444682680797,4.375,1.0,4.375,1.0,4.375,1.0,4.374989674095147,1.0000565680965963
4.4,4.4,1.0,0.9878715650157257,0.011981336049106527,0.9996985792838805,0.0006027505777909115,4.4,1.0,4.4,1.0,4.4,1.0,4.39999099805875,1.0000497531829495
4.425000000000001,4.425000000000001,1.0,0.9881674738673312,0.011692517457988539,0.9997132776381975,0.0005733625138922838,4.425000000000001,1.0,4.425000000000001,1.0,4.425000000000001,1.0,4.424992161754296,1.0000437050481423
4.450000000000001,4.450000000000001,1.0,0.9884562475160777,0.011410494262512193,0.999727259345841,0.0005454069208536971,4.450000000000001,1.0,4.450000000000001,1.0,4.450000000000001,1.0,4.449993183311158,1.0000383443259153
4.475,4.475,1.0,0.9887380539426343,0.01113511462836673,0.9997405593390031,0.0005188140125372831,4.475,1.0,4.475,1.0,4.475,1.0,4.474994078970591,1.0000335990286118
4.5,4.5,1.0,0.9890130573694068,0.010866229722225243,0.9997532108480275,0.000493517399059451,4.5,1.0,4.5,1.0,4.5,1.0,4.499994863262588,1.000029403957086
4.525,4.525,1.0,0.9892814183350669,0.010603693672025273,0.9997652454842377,0.00046945392184183365,4.525,1.0,4.525,1.0,4.525,1.0,4.5249955491684455,1.0000257001473756
4.550000000000001,4.550000000000001,1.0,0.9895432937680818,0.010347363526697552,0.9997766933187409,0.0004465634966444032,4.550000000000001,1.0,4.550000000000001,1.0,4.550000000000001,1.0,4.549996148269957,1.000022434352985
4.575000000000001,4.575000000000001,1.0,0.9897988370592303,0.010097099215425539,0.9997875829574034,0.000424788964193179,4.575000000000001,1.0,4.575000000000001,1.0,4.575000000000001,1.0,4.574996670886096,1.0000195585615046
4.600000000000001,4.600000000000001,1.0,0.9900481981330957,0.009852763506506134,0.9997979416121844,0.0004040759480391509,4.600000000000001,1.0,4.600000000000001,1.0,4.600000000000001,1.0,4.5999971261980335,1.0000170295439403
4.625,4.625,1.0,0.9902915235185259,0.009614221965882769,0.999807795169001,0.00038437271930102934,4.625,1.0,4.625,1.0,4.625,1.0,4.624997522363292,1.0000148084358358
4.65,4.65,1.0,0.9905289564180538,0.009381342915415047,0.9998171682522956,0.00036563006796086484,4.65,1.0,4.65,1.0,4.65,1.0,4.649997866619824,1.0000128603484058
4.675000000000001,4.675000000000001,1.0,0.9907606367762712,0.009153997390948767,0.9998260842864641,0.00034780118039634544,4.675000000000001,1.0,4.675000000000001,1.0,4.675000000000001,1.0,4.674998165380713,1.0000111540084191
4.700000000000001,4.700000000000001,1.0,0.990986701347152,0.008932059100242515,0.9998345655542966,0.00033084152285089985,4.700000000000001,1.0,4.700000000000001,1.0,4.700000000000001,1.0,4.6999984243202455,1.00000966142521
4.725000000000001,4.725000000000001,1.0,0.9912072837603251,0.008715404380803482,0.9998426332525774,0.00031470873055206017,4.725000000000001,1.0,4.725000000000001,1.0,4.725000000000001,1.0,4.724998648451974,1.0000083575834964
4.75,4.75,1.0,0.991422514586288,0.008503912157689508,0.9998503075449787,0.00029936250221151983,4.75,1.0,4.75,1.0,4.75,1.0,4.749998842199419,1.000007220160498
4.775,4.775,1.0,0.9916325214005703,0.008297463901317742,0.9998576076123841,0.0002847644996397669,4.775,1.0,4.775,1.0,4.775,1.0,4.774999009459998,1.000006229266063
4.800000000000001,4.800000000000001,1.0,0.9918374288468401,0.008095943585329482,0.9998645517007604,0.0002708782522374831,4.800000000000001,1.0,4.800000000000001,1.0,4.800000000000001,1.0,4.799999153662723,1.0000053672040394
4.825000000000001,4.825000000000001,1.0,0.9920373586989583,0.007899237644552684,0.9998711571667038,0.0002576690661166836,4.825000000000001,1.0,4.825000000000001,1.0,4.825000000000001,1.0,4.824999277820201,1.0000046182540387
4.850000000000001,4.850000000000001,1.0,0.9922324299219849,0.0077072349330982205,0.9998774405207668,0.00024510393764054506,4.850000000000001,1.0,4.850000000000001,1.0,4.850000000000001,1.0,4.849999384575426,1.0000039684719582
4.875,4.875,1.0,0.9924227587321393,0.007519826682629374,0.9998834174686777,0.0002331514711579885,4.875,1.0,4.875,1.0,4.875,1.0,4.874999476243797,1.0000034055077833
4.9,4.9,1.0,0.9926084586557181,0.0073369064608376534,0.9998891029505543,0.00022178180073573195,4.9,1.0,4.9,1.0,4.9,1.0,4.8999995548508135,1.000002918440174
4.925000000000001,4.925000000000001,1.0,0.992789640586981,0.007158370130154041,0.9998945111782082,0.00021096651569219027,4.925000000000001,1.0,4.925000000000001,1.0,4.925000000000001,1.0,4.924999622165807,1.0000024976256867
4.950000000000001,4.950000000000001,1.0,0.9929664128450049,0.006984115806728223,0.9998996556706324,0.0002006785897507024,4.950000000000001,1.0,4.950000000000001,1.0,4.950000000000001,1.0,4.949999679732099,1.0000021345622798
4.975000000000001,4.975000000000001,1.0,0.9931388812295173,0.006814043819700007,0.9999045492877631,0.000190892313635449,4.975000000000001,1.0,4.975000000000001,1.0,4.975000000000001,1.0,4.974999728893922,1.0000018217656503
5.0,5.0,1.0,0.9933071490757153,0.006648056670790033,0.9999092042625951,0.0001815832309438603,5.0,1.0,5.0,1.0,5.0,1.0,4.999999770820381,1.000001677058421
